iso3,year,cate,cate_lb,cate_ub,k_l2,antisys_l5,milexp_gdp_l1,dem_l1,ln_gdppc,resource_rents,urban_share,decade,v2x_polyarchy_l1,abs_red_l1
ARG,1990,-0.30187299123991707,,,11.858176560213609,-1.365,1.88036559239223,1.0,9.001481046574039,2.54133379153863,86.9197327116719,1990,0.828,1.9
ARG,1991,-0.34160178146842674,,,11.853592602947957,-1.4250000000000003,1.45090921225786,1.0,9.074500394927384,1.11216953670952,87.2150276705697,1990,0.826,2.0
ARG,1992,-0.3403713983417543,,,11.825630879974087,-1.6643999999999999,1.50692655529635,1.0,9.137036821690298,1.09688763068098,87.4815873775619,1990,0.829,2.2
ARG,1993,-0.3556776704166881,,,11.80310625421051,-1.9038,1.42122223348777,1.0,9.202376099770508,1.09534038350252,87.7307713525095,1990,0.829,2.4
ARG,1994,-0.3516115144823382,,,11.808965638683144,-2.1431999999999998,1.42280290057293,1.0,9.24569716059452,1.03761625538356,87.964582650281,1990,0.829,2.5
ARG,1995,-0.35626439481107497,,,11.840530241236541,-2.3825999999999996,1.45703853325047,1.0,9.203729343343023,1.29807343639538,88.1853677511823,1990,0.834,2.4
ARG,1996,-0.35311958871156807,,,11.868223993769421,-2.562,1.47307310721151,1.0,9.244948540627123,1.59598410207505,88.3954731355194,1990,0.833,2.2
ARG,1997,-0.3524496672365527,,,11.938276165129079,-2.562,1.24122726437626,1.0,9.310790784763434,1.42473252510187,88.5972452835983,1990,0.83,2.1
ARG,1998,-0.3375056981266904,,,11.938320431216727,-2.562,1.14013911131295,1.0,9.336814614986345,0.821860211536179,88.793030675725,1990,0.829,2.0
ARG,1999,-0.3484216625636923,,,11.921221134441813,-2.562,1.13631802186333,1.0,9.290843275402365,1.4005641030747,88.9851757922053,1990,0.828,1.9
ARG,2000,-0.3617176435682211,,,11.91052352199646,-2.562,1.22035954754993,1.0,9.271590714591147,2.36414526373118,89.1760271133454,2000,0.828,1.8
ARG,2001,-0.3570936471667959,,,11.925453436669526,-2.4048,1.14882267666887,1.0,9.215521411810418,1.91854085449722,89.3682951289372,2000,0.833,1.7
ARG,2002,-0.36515615619006736,,,11.933079477582066,-2.2476,1.18423354187058,1.0,9.089478325218936,5.63090239331634,89.5616701920513,2000,0.833,1.5
ARG,2003,-0.3649966667806058,,,11.94905837755386,-2.1109999999999998,1.09188047859748,1.0,9.163828464434127,4.54405237920157,89.752468256564,2000,0.826,1.4
ARG,2004,-0.3647296546697233,,,11.948523691874344,-1.9744,1.06089505704838,1.0,9.240136673356535,4.29522015828479,89.9397208794212,2000,0.807,1.5
ARG,2005,-0.3606002103539634,,,11.9052645320967,-1.8378,0.883295358833529,1.0,9.314677947324345,5.18727382834912,90.1233737736072,2000,0.795,1.8
ARG,2006,-0.3602914847454007,,,11.860539092681057,-1.8584,0.847154783885961,1.0,9.381793005097167,5.77560944191323,90.3033726521064,2000,0.793,2.0
ARG,2007,-0.3600798873828399,,,11.837341119513741,-1.879,0.788233877461469,1.0,9.45812987103844,4.83861569507875,90.4796632279031,2000,0.78,2.1
ARG,2008,-0.36857364056831715,,,11.834641359788876,-1.879,0.792548175031362,1.0,9.487771863276931,4.94937994883837,90.6521912139817,2000,0.781,2.3
ARG,2009,-0.36250576690650976,,,11.835375707615816,-1.879,0.762756475390461,1.0,9.416165091577739,3.09834695426024,90.8209023233265,2000,0.766,2.5
ARG,2010,-0.36183280278432184,,,11.85291965158547,-1.879,0.886508576686385,1.0,9.502050972116228,3.25709519384359,90.9930051940977,2010,0.756,2.4
ARG,2011,-0.3605447863430359,,,11.862794419354701,-1.879,0.814878118220695,1.0,9.54970975869115,3.88650404225898,91.1072286738406,2010,0.746,2.5
ARG,2012,-0.3575602747992241,,,11.866996609978463,-1.879,0.764287095310235,1.0,9.529115900298596,3.62564790864033,91.2041217246797,2010,0.749,2.6
ARG,2013,-0.35908208416383214,,,11.884286624083812,-1.879,0.784824735364742,1.0,9.54295482571449,3.15558730477948,91.3014507719473,2010,0.763,2.7
ARG,2014,-0.3629621824786804,,,11.898350957385817,-1.879,0.83773642721392,1.0,9.507190185666095,2.96561619466374,91.3975345472954,2010,0.772,2.6
ARG,2015,-0.3449459607298387,,,11.910130774593592,-1.879,0.878100924236765,1.0,9.52366288803301,1.11677493458146,91.4923019108628,2010,0.777,2.6
ARG,2016,-0.337731964616395,,,11.919928573726937,-1.879,0.850128597463815,1.0,9.492951061469718,0.929681521135013,91.5856817228217,2010,0.765,2.6
ARG,2017,-0.33404801516004234,,,11.919643148300313,-1.6406000000000003,0.809245362717563,1.0,9.511933706412325,1.02056616793198,91.6776028433824,2010,0.751,2.5
ARG,2018,-0.34928579898775913,,,11.945199071643504,-1.4022000000000001,0.84775481125944,1.0,9.477181411867754,2.0371251352841,91.7679941327998,2010,0.751,2.4
ARG,2019,-0.356526123362077,,,11.953540506706386,-1.1638,0.732300347538541,1.0,9.449860910237419,2.16668838721926,91.8567844513802,2010,0.78,2.2
ARG,2020,-0.33848304659834527,,,11.967793819868639,-0.9254000000000001,0.699696134379197,1.0,9.340758851642148,1.42962432529499,91.9439026594897,2020,0.779,2.0
ARG,2021,-0.3434133727085578,,,11.952887738387744,-0.7762,0.734111593948744,1.0,9.437418665623444,2.65308888983975,92.0292776175651,2020,0.797,1.9
BOL,1993,-0.10138706567690889,,,10.008099145603719,-0.917,2.50611883346961,1.0,7.4745840249638595,3.64155613379886,58.2268316609648,1990,0.697,-1.2
BOL,1994,-0.1035081253692801,,,10.005719869613834,-0.917,1.91634980988593,1.0,7.50084488681341,4.41108909617144,58.8292590535639,1990,0.705,-1.5
BOL,1995,-0.11281039876149028,,,10.020316137579018,-0.917,2.25030123424626,1.0,7.527676633952898,5.11080000814782,59.391206278167,1990,0.718,-1.8
BOL,1996,-0.11538930836792567,,,9.995460313002843,-0.817,2.09616225791141,1.0,7.551862950910272,4.73280305606934,59.9202441998117,1990,0.73,-2.0
BOL,1997,-0.11988022843854552,,,10.003945836060408,-0.7746000000000001,1.98680754250518,1.0,7.582159932079648,4.01382529219893,60.4239436835356,1990,0.73,-2.1
BOL,1998,-0.1255439356786214,,,10.018708972014046,-0.7322,2.27361030066829,1.0,7.6135735150973165,2.23594806398861,60.9098755943764,1990,0.735,-2.3
BOL,1999,-0.13595694506073203,,,10.059347546087562,-0.5576,2.69111085956905,1.0,7.600374990329908,2.77497627522259,61.3856107973717,1990,0.735,-2.6
BOL,2000,-0.18389547431915254,,,10.11718756029667,-0.38299999999999995,2.13328709491197,1.0,7.60797253075436,4.61282788346862,61.8587201575591,2000,0.743,-2.9
BOL,2001,-0.19439495810005378,,,10.143782078390931,-0.14659999999999995,2.0629715134384,1.0,7.607801511730905,4.33368686543391,62.3374810379005,2000,0.743,-3.2
BOL,2002,-0.23623969167592304,,,10.151621769100965,0.14740000000000003,2.3204467435097,1.0,7.615628466234788,4.94485124710044,62.8187632085055,2000,0.737,-3.0
BOL,2003,-0.36508423784509647,,,10.150926766006888,0.7058000000000001,1.99033371462944,1.0,7.6256298686933,5.31627802754268,63.2918711090474,2000,0.719,-3.1
BOL,2004,-0.38959975051526996,,,10.161931034980677,1.2100000000000002,2.14548339823865,1.0,7.649688247863464,7.4299811875095,63.7564671612252,2000,0.719,-3.0
BOL,2005,-0.3854410494268595,,,10.187471226795724,1.7142,1.89650330503014,1.0,7.676096525466966,11.5452208680479,64.2133062205259,2000,0.753,-2.9
BOL,2006,-0.38302635490708165,,,10.140542690997925,1.7396,1.717004422633,1.0,7.705905162842936,14.6334565247073,64.6631431424362,2000,0.746,-2.9
BOL,2007,-0.382070691329087,,,10.136768857441833,1.6401999999999997,1.46622698404757,1.0,7.733432810508475,13.9849345825977,65.1067327824433,2000,0.724,-2.7
BOL,2008,-0.3835596970269306,,,10.127321609939985,1.3357999999999999,1.4890475837354,1.0,7.776220517941462,12.7766867611472,65.5448299960338,2000,0.719,-2.4
BOL,2009,-0.3884906978001699,,,10.147073840811522,0.9788,2.19395160882894,1.0,7.792586630706832,7.44851742232197,65.9781896386949,2000,0.719,-2.0
BOL,2010,-0.3312127203654821,,,10.161091099863741,0.4474,1.76136075631536,1.0,7.81658102037143,9.16161212209317,66.4075665659133,2010,0.714,-1.7
BOL,2011,-0.25470850954921753,,,10.202841260155703,0.2222,2.78500726887326,1.0,7.851085337706473,14.001095606139,66.833715633176,2010,0.68,-1.5
BOL,2012,-0.2147418219401182,,,10.229080608321908,0.12179999999999998,1.68412265690433,1.0,7.885042836256124,12.3531411069095,67.2581444827699,2010,0.677,-1.4
BOL,2013,-0.19020501452451224,,,10.259925806713422,-0.10800000000000001,1.84560643919497,1.0,7.935055785008936,11.9598682861297,67.6697055519889,2010,0.67,-1.5
BOL,2014,-0.17854964261539558,,,10.28408206215408,-0.36319999999999997,1.84124031434345,1.0,7.972777145401465,10.5328802221264,68.037425413,2010,0.658,-1.7
BOL,2015,-0.13480315492389355,,,10.324369611337737,-0.44399999999999995,1.89691504477836,1.0,8.005037649739139,4.11807754841214,68.3958051297665,2010,0.647,-1.8
BOL,2016,-0.11403969363236183,,,10.357331573543833,-0.54,1.75943591545975,1.0,8.031895790639762,2.97275312620724,68.7446327876947,2010,0.609,-1.8
BOL,2017,-0.12739949361880884,,,10.40577846997,-0.5046,1.53046784866919,1.0,8.058379271204153,5.01456692473101,69.0838016274736,2010,0.62,-1.6
BOL,2018,-0.15884867750104786,,,10.435989825125246,-0.3992,1.53642735273655,1.0,8.072322806138477,5.37166725772886,69.4133879813999,2010,0.609,-1.6
BOL,2019,-0.16735147924506705,,,10.472615383532453,-0.21459999999999996,1.49690260690782,1.0,8.07321185107095,4.09529358747088,69.7334986708387,2010,0.593,-1.3
BOL,2020,-0.1789542048920384,,,10.502713387600751,0.11900000000000004,1.45127092717043,0.0,7.9248294460835655,2.7203797976672,70.0442635528254,2020,0.456,-1.3
BOL,2021,-0.329464130152451,,,10.520763660393891,0.42140000000000005,1.39204744468967,0.0,8.010210543368496,9.46769419569564,70.3450412826165,2020,0.275,-1.4
BRA,1990,-0.16211029710385264,,,11.43365328360703,-1.6490000000000002,2.68625,1.0,8.724185879149315,2.68167389862843,74.8699006951598,1990,0.724,3.5
BRA,1991,-0.1919934456230547,,,11.449604349833095,-1.8274000000000001,2.36384102519699,1.0,8.717297172340894,2.32109734238196,75.4934501058885,1990,0.814,3.6
BRA,1992,-0.1980415710577815,,,11.453264949399315,-1.9542000000000002,1.96333333333333,1.0,8.695169129040746,2.48015551009855,76.0910875240585,1990,0.828,4.3
BRA,1993,-0.23489828060419862,,,11.48725339564976,-2.081,1.52152886115445,1.0,8.727042512232536,2.05663127242723,76.6406402906957,1990,0.836,4.9
BRA,1994,-0.18097215464487265,,,11.515108581585833,-2.081,1.92792281498297,1.0,8.768289443366402,1.37319774228072,77.1710338911115,1990,0.84,5.1
BRA,1995,-0.16570804541186526,,,11.531363054657625,-2.081,2.016007789121,1.0,8.79426958092092,1.14877560865906,77.7144999942454,1990,0.846,5.2
BRA,1996,-0.18123432194259584,,,11.559508226181967,-2.081,1.86213698033379,1.0,8.800976725416385,1.14889170835858,78.3021415455398,1990,0.847,5.1
BRA,1997,-0.19675870641038404,,,11.589426835783277,-2.081,1.65484349950291,1.0,8.819496612213413,1.03895894476099,79.0008493879259,1990,0.848,5.3
BRA,1998,-0.2078114088043858,,,11.641850612894476,-2.081,1.57768831551774,1.0,8.807994678755772,0.962811621846264,79.789068166086,1990,0.848,5.5
BRA,1999,-0.1974976745510734,,,11.662805950219347,-2.081,1.66229191975824,1.0,8.798097863460962,1.71450974118159,80.5466061325216,1990,0.849,5.9
BRA,2000,-0.20445433534654853,,,11.699258542169284,-2.081,1.64547466656987,1.0,8.827289806678932,2.15912007223176,81.1484365423806,2000,0.85,6.3
BRA,2001,-0.19278820473474356,,,11.672763337793253,-2.081,1.73072614713627,1.0,8.828059515551221,2.23774123802714,81.5960450621957,2000,0.854,6.9
BRA,2002,-0.17205710724258494,,,11.665936598501505,-2.081,1.95188244532532,1.0,8.845723024050223,2.8154673100718,81.9943491502673,2000,0.854,7.5
BRA,2003,-0.17131571693707184,,,11.686395804339572,-2.081,1.89577119915617,1.0,8.845264590674011,2.70034429443933,82.3540335841671,2000,0.856,7.7
BRA,2004,-0.222277915172495,,,11.666612064979045,-2.081,1.50347763554507,1.0,8.889967304713018,2.53496036492128,82.6816824814559,2000,0.855,8.2
BRA,2005,-0.2284858271676119,,,11.668362915631977,-2.081,1.46126840890621,1.0,8.910527569815086,3.65047497650545,82.9838799596945,2000,0.855,8.3
BRA,2006,-0.21706140295706627,,,11.637009991021113,-2.081,1.52401346273319,1.0,8.93879933874518,3.82714515901824,83.2672101364439,2000,0.867,8.6
BRA,2007,-0.227965926114239,,,11.62823610365368,-2.081,1.48108495636286,1.0,8.987603504325019,4.10201494553661,83.5382571292649,2000,0.868,9.0
BRA,2008,-0.22706008092947505,,,11.620320851500919,-2.081,1.46629209992902,1.0,9.027710519473555,4.7760488329414,83.8036050557184,2000,0.866,9.5
BRA,2009,-0.22594118013849884,,,11.643279033665467,-2.081,1.44192408837717,1.0,9.01749528495974,2.38487387569911,84.0698380333651,2000,0.866,9.4
BRA,2010,-0.21716895138081546,,,11.660785954101303,-2.081,1.53862567601211,1.0,9.08166964557382,3.64871282999395,84.343846036308,2010,0.866,9.5
BRA,2011,-0.20745796749884216,,,11.685336813016988,-2.0722,1.53940698128362,1.0,9.112506257710116,4.33686638966397,84.6225758599683,2010,0.871,10.0
BRA,2012,-0.22359985233342078,,,11.687341429546036,-2.0634,1.41185115924524,1.0,9.123419816967365,3.85552495977285,84.8973874181312,2010,0.875,10.5
BRA,2013,-0.22418117233318022,,,11.70250973022998,-2.0545999999999998,1.37865646470437,1.0,9.144920323671,3.78686028400519,85.1676585442726,2010,0.871,10.8
BRA,2014,-0.2221450268126758,,,11.730682134506937,-1.895,1.32944608382557,1.0,9.141884083229511,3.28623279487755,85.4331367898168,2010,0.873,11.0
BRA,2015,-0.22254596819671946,,,11.75183726528252,-1.7053999999999998,1.330244423168,1.0,9.097865343318206,2.35832735012319,85.6935697061881,2010,0.873,11.0
BRA,2016,-0.2316914637909482,,,11.765898489947968,-1.4856,1.36551715396161,1.0,9.05693785163387,2.43013532231265,85.9487048448108,2010,0.861,11.3
BRA,2017,-0.25675741563581583,,,11.789267590302986,-1.2213999999999998,1.34797541299482,1.0,9.062797340537387,2.73375767842298,86.1982897571091,2010,0.781,11.4
BRA,2018,-0.25577895799866673,,,11.819578412023162,-0.891,1.41402166797586,1.0,9.07364240569415,3.61759120230309,86.4420719945072,2010,0.774,11.7
BRA,2019,-0.23965524395839705,,,11.830216193298257,-0.7064,1.46967772350671,1.0,9.079256326487013,3.21717303299592,86.6797991084296,2010,0.749,11.9
BRA,2020,-0.24106457488894137,,,11.824743403762074,-0.5442,1.38279724638797,1.0,9.040146350349604,3.22987656043381,86.9112186503004,2020,0.691,12.4
BRA,2021,-0.2464598228301499,,,11.817839646229983,-0.421,1.32666026860555,1.0,9.082419435054037,7.94111199933246,87.1360781715439,2020,0.699,15.0
CHL,1990,-0.25161561087788653,,,11.449501753167842,0.3044,3.59002950895468,0.0,8.573675022225954,11.1674175940099,83.1911973199111,1990,0.135,4.2
CHL,1991,-0.2123498184806221,,,11.457525469561446,-0.08339999999999996,3.40165485912065,1.0,8.631747120942471,5.94722567017809,83.3267865158432,1990,0.721,4.4
CHL,1992,-0.22245996904044277,,,11.478042603043399,-0.47119999999999995,2.8498427672956,1.0,8.724494387010008,4.63171552198061,83.4959351320883,1990,0.816,4.4
CHL,1993,-0.23988836477184536,,,11.497889996608103,-0.859,2.62851046938573,1.0,8.773652699147158,3.35411622206962,83.7341884954788,1990,0.816,4.3
CHL,1994,-0.2519631158063798,,,11.505186418791196,-1.1889999999999998,2.70692293725521,1.0,8.808114588144447,4.8849330643983,84.0491405833779,1990,0.813,4.2
CHL,1995,-0.22701354586364497,,,11.551996633948711,-1.519,2.59754498264789,1.0,8.881993376503107,6.55630977481336,84.4167268897386,1990,0.85,4.2
CHL,1996,-0.22790257088725974,,,11.60394009316513,-1.5444,2.56206462916649,1.0,8.93659927498857,4.95869610912803,84.8148594016272,1990,0.85,4.2
CHL,1997,-0.2293561053786575,,,11.636266977323096,-1.5697999999999999,2.42329858662731,1.0,8.994537597114522,4.60520277817387,85.2214501061097,1990,0.85,4.2
CHL,1998,-0.22866773957211162,,,11.66852644892961,-1.5951999999999997,2.47364271374518,1.0,9.022497675015181,2.51172777125851,85.6144109902521,1990,0.85,4.2
CHL,1999,-0.2079890263432256,,,11.712430275293304,-1.6205999999999996,2.57620115809555,1.0,9.007177335164926,3.6694603049762,85.9716540411206,1990,0.851,4.3
CHL,2000,-0.19321247404024056,,,11.758243682814033,-1.646,2.70268274607335,1.0,9.043736998669685,4.87094937341686,86.2710912457813,2000,0.85,4.5
CHL,2001,-0.1717341825967771,,,11.804887232714844,-1.646,2.68861587922595,1.0,9.063233224314345,3.94016087143578,86.4906345913002,2000,0.876,4.6
CHL,2002,-0.16789642399200105,,,11.819916149076233,-1.646,2.64704914030913,1.0,9.083721095781787,3.69658229472728,86.6114115090282,2000,0.876,4.6
CHL,2003,-0.1664666654183965,,,11.85136938350514,-1.646,2.53154295292261,1.0,9.119406869372144,5.01162090891452,86.6792973033246,2000,0.88,4.6
CHL,2004,-0.1676788034796563,,,11.874315356360983,-1.646,2.70297145376308,1.0,9.173922704414691,9.56665341226193,86.7336754490112,2000,0.88,4.6
CHL,2005,-0.16625937707210092,,,11.89148974212156,-1.646,2.71229041616156,1.0,9.22072831390893,9.79630843278012,86.7768244484887,2000,0.88,4.6
CHL,2006,-0.14898046470249837,,,11.920251450266388,-1.646,2.53476302244179,1.0,9.269704378495659,17.3488493708667,86.8125123390851,2000,0.877,4.7
CHL,2007,-0.14706763308266033,,,11.945976822841885,-1.646,2.50608218939499,1.0,9.310307425489734,17.1517567156625,86.8445071581285,2000,0.894,4.7
CHL,2008,-0.13412538753769945,,,11.970299542328712,-1.646,2.33098056175611,1.0,9.337509637549179,13.8254393455321,86.8765769429469,2000,0.894,5.0
CHL,2009,-0.12580264185871073,,,12.00305389611797,-1.646,2.58365229486108,1.0,9.3161776149694,8.79204050030603,86.9124897308683,2000,0.894,5.3
CHL,2010,-0.13437336446324383,,,12.060690331263851,-1.646,2.27650789887703,1.0,9.36300048795795,11.9881628362203,86.9560135592209,2010,0.887,5.6
CHL,2011,-0.1360851745710761,,,12.106184908120552,-1.5372,2.25424093293149,1.0,9.41351336106279,12.1645185437385,87.0109164653326,2010,0.888,5.8
CHL,2012,-0.13708067077019737,,,12.139403844003057,-1.4284,2.26361278130337,1.0,9.463651038951573,9.05442637303188,87.0824943735696,2010,0.889,5.9
CHL,2013,-0.14840469194415085,,,12.167070226574998,-1.3195999999999999,2.04588028294284,1.0,9.48666314331262,7.66232423505302,87.1827777654221,2010,0.893,5.9
CHL,2014,-0.1534605795900869,,,12.19595178257723,-1.2472,1.99462247217943,1.0,9.49446266864666,6.87780503013052,87.3133701497978,2010,0.894,6.0
CHL,2015,-0.1527782058703431,,,12.23425286838413,-1.1748,1.9671068502734,1.0,9.505538153004625,4.04461870413776,87.4653320342387,2010,0.893,6.0
CHL,2016,-0.1520206231503946,,,12.273364513646493,-1.2112,1.9096233898132,1.0,9.510822501382549,3.20569572328577,87.6306290578181,2010,0.886,6.0
CHL,2017,-0.15104170368410874,,,12.302522225707486,-1.2369999999999999,1.92415844717468,1.0,9.508468631529055,5.30261792520974,87.8000295757281,2010,0.886,6.0
CHL,2018,-0.15250407199819016,,,12.333048130163272,-1.231,1.94059250989466,1.0,9.529739611195893,5.83707726201581,87.9620493753008,2010,0.889,6.0
CHL,2019,-0.1532208997459597,,,12.357919061675682,-1.2186,1.87761395069212,1.0,9.520170003201258,2.56889266052365,88.1273685623538,2010,0.87,5.5
CHL,2020,-0.1879547539015607,,,12.386316804405222,-1.1186,1.86471710953666,1.0,9.447842436877993,5.48716936741024,88.2953490438375,2020,0.829,5.1
CHL,2021,-0.18743575657010725,,,12.410587070667583,-0.9882,2.06553058219768,1.0,9.550822529675072,16.9044168802743,88.4660511664452,2020,0.837,4.7
COL,1990,-0.3166923536839468,,,11.213567327402497,1.526,2.18818380743982,0.0,8.21991455026638,6.90290637643892,69.4907571843537,1990,0.443,1.0
COL,1991,-0.303728785254085,,,11.202196164833689,1.526,1.86015929954807,0.0,8.21964319754469,4.19951137793811,69.9576034637361,1990,0.473,1.1
COL,1992,-0.2961866547219911,,,11.205510620812337,1.526,1.85348178319724,1.0,8.239486345038191,3.65200984470421,70.4190206034906,1990,0.516,1.3
COL,1993,-0.2814363359437843,,,11.16579272665913,1.526,2.10667794255338,1.0,8.271972494361634,2.98064670992827,70.8733475069429,1990,0.558,1.5
COL,1994,-0.27071597188149016,,,11.183635399300886,1.526,2.52526701829097,1.0,8.308771110830051,2.41695103636019,71.3349044726196,1990,0.558,1.5
COL,1995,-0.2712978960708904,,,11.170202447988606,1.526,2.50840701347047,1.0,8.340391024919066,3.12840978420135,71.8237121859285,1990,0.558,1.4
COL,1996,-0.26548749922918946,,,11.183079255057748,1.526,2.83162658057701,1.0,8.342528151552576,3.72384039434735,72.3326212825811,1990,0.56,1.5
COL,1997,-0.25997654304511153,,,11.184427009698044,1.526,4.44539325396431,1.0,8.358360053638616,3.06670230612638,72.8506360383423,1990,0.554,1.6
COL,1998,-0.2531706546315705,,,11.209949887696418,1.526,2.80178788575936,1.0,8.346126778320091,2.05430024171781,73.3667607289768,1990,0.554,1.7
COL,1999,-0.26626396595647195,,,11.225648689778458,1.526,3.44098574204708,1.0,8.285794005781797,4.32181182919172,73.8699996302493,1990,0.546,1.6
COL,2000,-0.2674588363398595,,,11.253595519984357,1.5638,3.76274205786296,1.0,8.298243214136546,5.79241275178545,74.3493570179247,2000,0.538,1.7
COL,2001,-0.2609388253865041,,,11.272129062289972,1.5656,3.03168353865852,1.0,8.299163516306239,3.898278216233,74.7938371677676,2000,0.55,1.6
COL,2002,-0.264858753400594,,,11.214030863367304,1.5674,3.32387281880532,1.0,8.308515733738236,3.95007189063968,75.192444355543,2000,0.542,1.6
COL,2003,-0.2794130542387553,,,11.214767350081534,1.4926,3.41712762358197,1.0,8.331869200280558,4.56302920257189,75.5341828570154,2000,0.534,1.4
COL,2004,-0.28777143214039974,,,11.20422392976873,1.4178,3.46398869081496,1.0,8.369137611599138,5.92813672580534,75.8080569479496,2000,0.535,1.3
COL,2005,-0.29597195277029115,,,11.186381904352691,1.3756,3.46501517406307,1.0,8.402292955782052,6.26115845587611,76.004938901378,2000,0.537,1.3
COL,2006,-0.3064748479348995,,,11.173559188316291,1.3694,3.37467969392646,1.0,8.4540477111501,7.29062678619221,76.1619191918164,2000,0.542,1.3
COL,2007,-0.3137768966861856,,,11.164431365068474,1.3631999999999997,3.29582499135229,1.0,8.506587672816924,6.6997731158152,76.3144038775849,2000,0.571,1.2
COL,2008,-0.3223585431547847,,,11.170437782518537,1.3960000000000001,3.28630170949445,1.0,8.526860684740482,8.78822691726813,76.4596761810047,2000,0.583,1.8
COL,2009,-0.319098335939282,,,11.167513057470025,1.4148,3.73724698565115,1.0,8.526543583446504,4.85703346033699,76.5964145836792,2000,0.585,2.1
COL,2010,-0.3350452631081205,,,11.191564551745778,1.3632000000000002,3.88696383706353,1.0,8.559149673592595,6.70109253013503,76.7232975672119,2010,0.587,2.3
COL,2011,-0.33848082752028896,,,11.22051527798801,1.3115999999999999,3.63691504613462,1.0,8.615607839856338,9.86049155221695,76.839003613206,2010,0.624,2.6
COL,2012,-0.3415995860269517,,,11.235860987614782,1.2238000000000002,3.07710698956258,1.0,8.643959081011802,8.29683079092449,76.942211203265,2010,0.66,2.7
COL,2013,-0.34329176454221805,,,11.248441878250523,1.1736,3.15600586340429,1.0,8.684537467094968,7.3843393604104,77.0315988189922,2010,0.661,2.7
COL,2014,-0.34258326341396605,,,11.264973208770762,1.1266,3.27226285651869,1.0,8.719617954543367,6.53057789835517,77.1058449419909,2010,0.669,2.9
COL,2015,-0.3345930823529957,,,11.290026662892988,1.0796,3.10825884811044,1.0,8.740099099350715,3.70587614553491,77.1636280538646,2010,0.677,3.1
COL,2016,-0.33328087468875817,,,11.331146074793718,1.0326,3.10996008410671,1.0,8.750852565595604,3.09947714544169,77.2036266362166,2010,0.681,3.1
COL,2017,-0.33258580067493093,,,11.342566278291498,0.9831999999999999,3.07113102611539,1.0,8.749839837418161,3.72823321108347,77.2245191706503,2010,0.682,3.1
COL,2018,-0.3341788352465139,,,11.378263192138926,0.8629999999999999,3.20809672439436,1.0,8.75676842867108,4.940258188938,77.2804816598084,2010,0.68,2.9
COL,2019,-0.3263837972077332,,,11.41206248392312,0.7682,3.0332327385044,1.0,8.77027816661759,4.30433092902696,77.4595528518377,2010,0.666,3.0
COL,2020,-0.31175741185319783,,,11.442880727488081,0.6474,3.14565669372153,1.0,8.681343179480681,2.55119417609951,77.6382533537045,2020,0.651,3.1
COL,2021,-0.31241569788562723,,,11.489224960732201,0.568,3.53440413219336,1.0,8.772946299201278,5.32396445388134,77.8339570326128,2020,0.643,3.4
DOM,1990,-0.1412959961837807,,,11.2500385734229,-1.135,0.800367985280589,1.0,7.927602336131184,2.01017458840216,54.9618770701908,1990,0.517,2.3
DOM,1991,-0.14792977327832713,,,11.2879947698072,-1.135,0.67572938756657,0.0,7.9164206430407535,1.40795463511044,55.2641317491819,1990,0.46,2.3
DOM,1992,-0.1659509983819904,,,11.322041027356274,-1.135,0.348155032228406,0.0,8.002896986243554,0.802566480155784,55.6153197882278,1990,0.43,2.3
DOM,1993,-0.16738861940589128,,,11.281612119265702,-1.135,0.559086816093422,0.0,8.054417967228826,0.270241819529112,56.0297239121388,1990,0.43,2.2
DOM,1994,-0.1736683733938027,,,11.21743743267605,-1.135,0.755070036358464,0.0,8.060838373075482,0.793311412444342,56.5282357577084,1990,0.43,2.3
DOM,1995,-0.17441658802835672,,,11.238805420139576,-1.135,0.733765624039859,0.0,8.097536302435133,1.14002177756892,57.1317099454393,1990,0.432,2.3
DOM,1996,-0.16438112644738997,,,11.266178831549999,-1.135,0.549477867602509,0.0,8.137251376347463,0.70339446524712,57.8287488204273,1990,0.444,2.4
DOM,1997,-0.1255546736287149,,,11.307529984343638,-1.135,0.633651609977827,1.0,8.205084043170112,0.503240742590817,58.6073675691044,1990,0.544,2.3
DOM,1998,-0.08633860444459841,,,11.349194470185267,-1.135,0.796926406823975,1.0,8.253454651750511,0.0481131529630172,59.4555813779028,1990,0.619,2.1
DOM,1999,-0.07435835819197595,,,11.367794552188984,-1.135,0.780062374149808,1.0,8.295098781667118,0.190528242624742,60.3614054332546,1990,0.639,1.9
DOM,2000,-0.06976375998955255,,,11.38404263039876,-1.135,0.81624388755279,1.0,8.324361976722292,0.341026792433444,61.3128549215919,2000,0.647,1.7
DOM,2001,-0.06069788327125949,,,11.419976697392238,-1.135,1.03009647155323,1.0,8.333026165468969,0.0227890061773118,62.2979450293469,2000,0.665,1.4
DOM,2002,-0.06963724638160662,,,11.465299676483573,-1.135,1.21349605211345,1.0,8.36189561307953,0.0276477786257098,63.2914022524877,2000,0.673,1.6
DOM,2003,-0.06800122627248768,,,11.543687747704706,-1.135,1.05891921128922,1.0,8.333911220254402,0.541632394719868,64.426197134766,2000,0.672,1.6
DOM,2004,-0.09323515552139905,,,11.566092209359217,-1.135,0.764145027120822,1.0,8.345695352172381,1.21413014952002,65.8914085229291,2000,0.671,1.3
DOM,2005,-0.10173739355047097,,,11.602449071106433,-1.135,0.687618052138186,1.0,8.422717568691741,0.721035390362793,67.5759180469321,2000,0.659,1.2
DOM,2006,-0.12305396025179216,,,11.608781179419807,-1.135,0.766536371799736,1.0,8.497952706400847,1.6062343112117,69.333853706035,2000,0.651,1.3
DOM,2007,-0.14608616606646613,,,11.62968933221925,-1.135,0.683423360678412,1.0,8.557333675012996,2.52804800376544,71.0193434994977,2000,0.644,0.8
DOM,2008,-0.12226221455576511,,,11.634803056613427,-1.135,0.62761905715381,1.0,8.577144956264481,0.234147045628384,72.4865154265802,2000,0.636,1.3
DOM,2009,-0.12722733327946434,,,11.66005212632019,-1.135,0.699861657175699,1.0,8.574452067694693,0.123503913034202,73.5894974865426,2000,0.638,1.8
DOM,2010,-0.14663406686039987,,,11.672203559892644,-1.135,0.667461170274579,1.0,8.642319216205266,0.172400177111422,74.1642773174177,2010,0.639,1.9
DOM,2011,-0.15237389546593638,,,11.70812527679683,-1.135,0.6675317048534,1.0,8.661046584483083,0.340210817624619,74.2440389501301,2010,0.625,2.0
DOM,2012,-0.15030397824888309,,,11.721866235309419,-1.135,0.602928060143009,1.0,8.675955893763161,0.446840708804603,74.2398679969568,2010,0.623,1.9
DOM,2013,-0.15671978020552074,,,11.732675111603214,-1.135,0.653151461976632,1.0,8.711942864856029,1.02972097005091,74.2251359951216,2010,0.612,1.9
DOM,2014,-0.157431934547881,,,11.765456664437968,-1.135,0.611824773045351,1.0,8.76877306832018,1.03750954514513,74.1931533822153,2010,0.6,1.7
DOM,2015,-0.15597643026648544,,,11.788928725312951,-1.135,0.651437855543241,1.0,8.824818042218277,0.535347858231712,74.1372305958285,2010,0.6,1.8
DOM,2016,-0.1638311790127046,,,11.789219497221417,-1.216,0.643674978238558,1.0,8.87874176696129,1.2819479321571,74.0506780735522,2010,0.59,1.6
DOM,2017,-0.16282006843047542,,,11.810538486214122,-1.296,0.63403055291349,1.0,8.906447583754677,1.03534454096242,73.926806252977,2010,0.571,1.7
DOM,2018,-0.1641524597981954,,,11.839807009699559,-1.376,0.6660634439633,1.0,8.964274338056054,0.868889463505184,73.7589255716938,2010,0.559,1.7
DOM,2019,-0.16754601245106374,,,11.867479591607902,-1.456,0.693991110098086,1.0,9.00172162213943,1.05544444208182,73.5403464672933,2010,0.573,1.6
DOM,2020,-0.16666799404755797,,,11.893405165566872,-1.5417999999999998,0.689583054746984,1.0,8.908677478547647,1.23931109405337,73.2643793773663,2020,0.569,1.6
DOM,2021,-0.18775416717878257,,,11.928562016451945,-1.5661999999999998,0.746231922011371,1.0,9.029406464326538,2.07711318519727,72.9243347395035,2020,0.656,1.9
ECU,1995,-0.08059917940915036,,,11.8035793173148,-1.4246000000000003,1.31569135777556,1.0,8.318909885814428,7.81653810988059,58.218469145091,1990,0.697,-0.9
ECU,1996,-0.05377395561546574,,,11.782116321625615,-1.6192,1.98760353101763,1.0,8.317239061213131,9.06384330500035,58.7951345734834,1990,0.699,-0.8
ECU,1997,-0.058706167155324944,,,11.77066631435892,-1.5708,1.6897249235818,1.0,8.341137220480002,7.15232502703141,59.3379890323065,1990,0.696,-0.9
ECU,1998,-0.05118523112559791,,,11.745439136634078,-1.2882,1.8110665611487,1.0,8.355154966713103,4.06421827365714,59.8393139134949,1990,0.695,-1.0
ECU,1999,-0.06138669963142782,,,11.716300481018724,-1.0585999999999998,2.01895367462851,1.0,8.288834297845295,8.23306097190049,60.2913906089831,1990,0.696,-0.9
ECU,2000,-0.07044800816797657,,,11.686558743657692,-0.8484,1.55598240646013,1.0,8.282330942924474,16.7324376195742,60.6865005107058,2000,0.693,-1.1
ECU,2001,-0.08575092979581553,,,11.74171378253679,-0.5854,1.51733948117752,1.0,8.306225262709143,9.40733648144871,61.0123544006659,2000,0.689,-1.0
ECU,2002,-0.0851306241366079,,,11.676481268525306,-0.4828,1.66039298461832,1.0,8.336845190471081,8.38814722027282,61.2871268050958,2000,0.689,-0.9
ECU,2003,-0.0754139465853432,,,11.642429294074843,-0.6144000000000001,1.86662346180863,1.0,8.347640876056564,8.74010782962713,61.5418469886978,2000,0.689,-0.8
ECU,2004,-0.07483596062790077,,,11.641311196435344,-0.693,2.38654946619875,1.0,8.396208401073688,12.5726365426945,61.7829573274038,2000,0.698,-0.8
ECU,2005,-0.08116766983313674,,,11.639296084234699,-0.7596,2.01733501271599,1.0,8.431488994320295,16.8498380565704,62.0068704145716,2000,0.698,-0.7
ECU,2006,-0.07088239100667457,,,11.582964625790334,-0.9428000000000001,2.36848865849083,1.0,8.456801913123694,18.3894115217757,62.2099988435587,2000,0.698,-0.7
ECU,2007,-0.07769228888613246,,,11.58207267845583,-1.0002,2.07919490158198,1.0,8.458568582904595,16.9001920320212,62.3887552077227,2000,0.693,-0.6
ECU,2008,-0.08036252400627421,,,11.578450795913668,-1.0638,2.62795079870115,1.0,8.505100802337594,18.9618727793611,62.5395521004212,2000,0.671,-0.6
ECU,2009,-0.06693275389260865,,,11.57017402276997,-1.2086000000000001,2.6922066648737,1.0,8.498894143856889,9.26408283902812,62.6588021150118,2000,0.634,-0.4
ECU,2010,-0.0725166731487851,,,11.588263000680923,-1.3836,3.24319951406484,1.0,8.521624109159822,11.7907315375663,62.7405258611644,2010,0.613,-0.2
ECU,2011,-0.07685148866290185,,,11.599880234701292,-1.4852,3.07257396611835,1.0,8.586617988892254,16.5773760059007,62.7949053547691,2010,0.588,-0.2
ECU,2012,-0.08754075982377049,,,11.604941379702781,-1.5628,3.10647440690889,1.0,8.626918292108286,14.5265186334151,62.8408732819135,2010,0.581,0.1
ECU,2013,-0.09413913666454767,,,11.617701216858341,-1.643,2.95181465866835,1.0,8.681575078092347,12.8813253368088,62.8837286624122,2010,0.586,0.2
ECU,2014,-0.10202149415161937,,,11.64055993707114,-1.642,2.83298697009902,1.0,8.708646547394471,11.5903571785583,62.9232432195799,2010,0.538,0.1
ECU,2015,-0.09608227512088562,,,11.669027215792696,-1.7342,2.71279094772759,1.0,8.695533446764424,4.63202397853143,62.959188676731,2010,0.534,0.1
ECU,2016,-0.0922231556153762,,,11.701102064876757,-1.8042000000000002,2.6720726618256,1.0,8.674049216381379,3.75806780861528,62.9913367571804,2010,0.533,0.0
ECU,2017,-0.09267107738741498,,,11.722248029992937,-1.8933999999999997,2.57311675623471,1.0,8.716744220594295,4.98372023451617,63.0194591842425,2010,0.54,0.0
ECU,2018,-0.09159006282614966,,,11.743071718850821,-1.9486,2.35738419773924,1.0,8.709975776667743,7.0964207852671,63.0433276812321,2010,0.552,-0.1
ECU,2019,-0.08546907598123492,,,11.749188597760075,-1.8922,2.37199911152844,1.0,8.694734906925728,5.82070104913459,63.0627139714638,2010,0.641,-0.2
ECU,2020,-0.0613718362189341,,,11.760366171012514,-1.6214,2.18038189769994,1.0,8.585914703255183,2.92430668533391,63.0773897782521,2020,0.617,-0.4
ECU,2021,-0.08655611729028335,,,11.780769730406133,-1.4156,2.45792351121034,1.0,8.66821236299871,6.69943720189179,63.0871268249117,2020,0.626,-0.5
GTM,1990,-0.21954051271260436,,,10.834573308055122,0.522,1.8028516299552,0.0,7.916274881935203,1.83045512720882,33.9012796561515,1990,0.37,3.0
GTM,1991,-0.2201125871400834,,,10.809739719914987,0.5258,1.72801156281599,0.0,7.9251153765552695,1.65426431663517,34.1565593261803,1990,0.371,3.0
GTM,1992,-0.20237026719007697,,,10.80810500986799,0.39820000000000005,1.26843726414995,0.0,7.945793967943076,1.52332030398675,34.4334171300471,1990,0.382,3.0
GTM,1993,-0.15011225898990313,,,10.804815088154603,0.2706,1.47262037513846,0.0,7.957631580718298,1.33092443055709,34.7310073212315,1990,0.382,3.0
GTM,1994,-0.11451160744190245,,,10.821110231853785,0.1498,1.26706017134887,0.0,7.970544360401332,1.34833878506145,35.0756010770794,1990,0.385,3.0
GTM,1995,-0.09861599829022182,,,10.840935087444587,-0.043399999999999994,1.1785345993652,0.0,7.9923868976441375,1.59672727928084,35.7556305117631,1990,0.396,3.0
GTM,1996,-0.07777929711882942,,,10.853458173984482,-0.2404,1.08042737364637,0.0,7.9956419180908895,1.38934546996865,36.8833711270944,1990,0.412,3.0
GTM,1997,-0.07174421866862074,,,10.868123421409134,-0.38299999999999995,0.895717413539242,0.0,8.012776544463264,1.58260940616648,38.3195642319091,1990,0.454,3.0
GTM,1998,-0.010732524250178267,,,10.880488703718283,-0.577,0.74281794332224,0.0,8.035919064777675,1.20269768494948,39.9406715289323,1990,0.489,3.1
GTM,1999,-0.005447782301202717,,,10.904672704559273,-0.7778,0.720839850994178,0.0,8.048507818077956,1.42197658489313,41.6231547208891,1990,0.489,3.0
GTM,2000,-0.017673974435788293,,,10.938274880549374,-0.9062000000000001,0.675600759866063,0.0,8.06020335773018,1.65531507910442,43.2434755105047,2000,0.491,3.0
GTM,2001,-0.003803766349188832,,,10.972708321681854,-1.0346,0.918401634718749,1.0,8.060288996538507,1.51688956267975,44.678095600504,2000,0.542,2.9
GTM,2002,0.00013397560202200575,,,10.986020480494673,-1.086,1.05206292918867,1.0,8.075044360452877,1.49552331731967,45.7754731938848,2000,0.542,2.7
GTM,2003,-0.010529107871205812,,,10.993541279120217,-1.086,0.762245026054294,1.0,8.077806048320397,1.55532613964599,46.5865389722105,2000,0.542,2.6
GTM,2004,-0.02329646070479631,,,11.009548732052577,-1.086,0.815655342525256,1.0,8.08647353853656,1.45629547212597,47.326819486636,2000,0.543,3.0
GTM,2005,-0.04308392090894882,,,11.020718004399127,-1.086,0.479416089056921,1.0,8.097064481541459,1.55562794751834,48.0557951573834,2000,0.552,3.5
GTM,2006,-0.04719609887842251,,,11.029509042165218,-1.086,0.383913656735458,1.0,8.128039815933025,1.93392564321639,48.7676356188334,2000,0.552,3.4
GTM,2007,-0.04960192986933181,,,11.04103911131645,-1.086,0.43182946456192,1.0,8.168424044493321,1.95055907491986,49.4565105053665,2000,0.552,3.2
GTM,2008,-0.05823827139650583,,,11.059620358204807,-1.086,0.398456601466993,1.0,8.180301355090869,1.93184237870205,50.1165894513633,2000,0.563,3.2
GTM,2009,-0.06673976106895518,,,11.076517440042817,-1.086,0.468231102914397,1.0,8.165134421048453,1.63784143444565,50.7420420912045,2000,0.582,3.2
GTM,2010,-0.08914424706162838,,,11.084942170243222,-1.086,0.395326073511874,1.0,8.173752433555334,2.6452084845277,51.3270380592706,2010,0.58,3.1
GTM,2011,-0.08749355486129894,,,11.08389315284052,-1.086,0.441382604389834,1.0,8.194609295168963,2.86196592041548,51.8657469899423,2010,0.583,3.1
GTM,2012,-0.07872802770831965,,,11.079780728414544,-1.086,0.459619447723005,1.0,8.204008652015611,2.18105907544831,52.3523385176,2010,0.581,3.1
GTM,2013,-0.06852794341796684,,,11.07199455755116,-1.086,0.475870730886697,1.0,8.220754109259989,2.18983261245163,52.7809822766245,2010,0.576,2.9
GTM,2014,-0.013244491792646753,,,10.987470554779916,-1.0821999999999998,0.471272593167646,1.0,8.24528363451438,2.98111660499136,53.1458479013964,2010,0.574,2.9
GTM,2015,-0.04366294462416897,,,11.059618282013886,-1.0784,0.424656428368739,1.0,8.267065144732472,1.78572375354011,53.4411050262961,2010,0.572,2.8
GTM,2016,-0.03919816525650537,,,11.04282681844993,-1.042,0.405967931287061,1.0,8.275065313803355,2.01829626064269,53.6609232857043,2010,0.587,2.9
GTM,2017,-0.027263352023034836,,,11.038415611821275,-1.0702,0.440496512523365,1.0,8.287211461114792,1.50289202380162,53.7994723140017,2010,0.626,3.0
GTM,2018,-0.02086325942955665,,,11.02139017355933,-1.0984000000000003,0.383850245049506,1.0,8.30405248040512,1.19385178218072,53.845962303542,2010,0.621,3.1
GTM,2019,-0.000950405060789214,,,11.007406661300495,-1.0454,0.372491637911365,1.0,8.328238982347058,1.14790981503494,54.1882267267974,2010,0.602,3.2
GTM,2020,0.008542282708828727,,,10.998009296739388,-0.9022,0.430070763358893,1.0,8.29550836654481,1.35250209053897,54.5483167911628,2020,0.597,3.3
GTM,2021,-0.010425918990589273,,,10.995864714133356,-0.7916000000000001,0.440993296513657,1.0,8.35904789412786,1.92928512463796,54.9047071553758,2020,0.589,3.4
HND,1990,-0.2363881369635623,,,10.709408172591294,0.403,2.67079543255274,0.0,6.126827786079542,3.21092333246204,40.4877408913689,1990,0.403,-0.1
HND,1991,-0.2306187550993173,,,10.722475336718052,0.403,2.20148360851878,0.0,6.329944752694043,2.70781658118094,40.9747754656802,1990,0.484,-0.2
HND,1992,-0.21064642304799544,,,10.722507101812726,0.403,1.54468554615668,0.0,6.388038581740054,2.19178076917636,41.452387449279,1990,0.49,-0.3
HND,1994,-0.16733337497033896,,,10.655471137032224,0.2774,1.15782978535854,0.0,6.713917677025086,2.27034903839063,42.392319157232,1990,0.49,-0.6
HND,2001,-0.05990983425409844,,,10.724656248965204,-0.24219999999999997,0.729929060458941,1.0,7.48951725423363,1.43828418297597,45.8623033555915,2000,0.556,-1.4
HND,2002,0.015452991749384476,,,10.765560679462531,-0.5734,0.822610515328626,1.0,7.499961637894678,1.37053917605775,46.4194190064116,2000,0.555,-1.6
HND,2003,0.03993369044213334,,,10.801281847185557,-0.9046,0.809187514419362,1.0,7.518768713105256,1.21682443039075,46.990184604045,2000,0.555,-1.7
HND,2004,0.02370644544953583,,,10.797824021922935,-1.2358,0.998264922159563,1.0,7.554287415846978,1.17065229457115,47.5739776096056,2000,0.565,-2.0
HND,2005,0.01729491153955249,,,10.794161591800878,-1.567,0.682692754206461,1.0,7.588757243651944,1.19616286119396,48.1703884178554,2000,0.565,-2.1
HND,2006,-0.001404832284962224,,,10.83412980295995,-1.567,0.641478464457184,1.0,7.628777765251771,1.9388652088634,48.7790074235564,2000,0.559,-2.3
HND,2007,0.005055550828270654,,,10.833873661039172,-1.567,0.692430000775615,1.0,7.6658449958021375,1.66136160268053,49.3994250214704,2000,0.521,-2.1
HND,2008,0.023935727864374482,,,10.861823537766378,-1.5594,0.776008264862645,1.0,7.6848515706753915,1.20679031927745,50.0312316063593,2000,0.522,-1.9
HND,2009,0.0228498168406329,,,10.906164471880077,-1.4596,0.953978556250972,1.0,7.638346883988053,1.16441147896911,50.6740175729851,2000,0.519,-1.8
HND,2010,-0.015235453175593477,,,10.903987940446545,-1.297,1.07491069621038,0.0,7.653719336371345,2.36463288147641,51.3273733161098,2010,0.441,-1.4
HND,2011,-0.007571241740980415,,,10.87480540029396,-1.1118000000000001,1.07445720815541,0.0,7.670690920319553,1.7044807548954,51.9908892304951,2010,0.408,-1.4
HND,2012,0.006063376356708233,,,10.85213269259116,-0.951,1.13130910330426,0.0,7.6909231236638504,1.63060548730794,52.6641557109031,2010,0.419,-1.3
HND,2013,-0.0019859924709014092,,,10.88898677451415,-0.8002,1.13179437578958,0.0,7.698664751950635,1.78208817924239,53.356379133253,2010,0.418,-1.4
HND,2014,-0.02593274211366708,,,10.917381968169623,-0.7916000000000001,1.3795353155606,0.0,7.709419463290649,2.2661279184441,53.8768089124249,2010,0.413,-1.2
HND,2015,-0.00790459559755902,,,10.879396280187962,-0.8672000000000001,1.19271597688079,0.0,7.728064776258591,1.56846231223826,54.3828473751434,2010,0.433,-1.1
HND,2016,-0.02988219974712769,,,10.91805517162518,-0.9494,1.35173104039659,0.0,7.747480178426329,2.01566335667541,54.8868414578857,2010,0.426,-1.1
HND,2017,-0.03530502297968073,,,10.909699262062084,-1.0196,1.53155567439147,0.0,7.776272403264893,1.72906722467945,55.3877322339915,2010,0.425,-1.1
HND,2018,-0.016125959193456003,,,10.93018207693927,-1.051,1.58983296006831,0.0,7.7957021053986795,1.07184110988038,55.8852577716247,2010,0.414,-1.2
HND,2019,-0.015642653318441425,,,10.926163714780772,-1.048,1.48969667029328,0.0,7.802869969930534,0.916855208806467,56.3791561389766,2010,0.361,-1.2
HND,2020,-0.03459930362881409,,,10.901444453785558,-0.9606000000000001,1.57817708956802,0.0,7.691397285335537,1.23326098347167,56.8691654042685,2020,0.368,-1.1
HND,2021,-0.02861638812691332,,,10.957594959524481,-0.9076000000000001,1.4667972724004,0.0,7.793077951936529,1.22455313744521,57.3550236357547,2020,0.372,-1.0
MEX,1990,-0.22860735260501824,,,12.068555286515611,-0.967,0.517255829376633,0.0,8.99179388097735,7.85316996477492,71.4590077199915,1990,0.368,0.7
MEX,1991,-0.2287831139185209,,,12.05801833095338,-0.967,0.433081035474032,0.0,9.011524951578567,3.7204122843979,71.859396420455,1990,0.388,0.8
MEX,1992,-0.22566508339740035,,,12.04806512676216,-0.967,0.435402300782292,0.0,9.027650459502315,3.37676484568823,72.2406081339013,1990,0.41,0.8
MEX,1993,-0.2171361927422696,,,12.044281687558335,-0.967,0.469454655731209,0.0,9.037390310817463,2.32169144860141,72.6055064486481,1990,0.438,0.8
MEX,1994,-0.20845417492870108,,,12.04390726057318,-0.967,0.400441266975791,0.0,9.062244044349661,2.17600409935639,72.9565584912625,1990,0.455,1.0
MEX,1995,-0.215674325311179,,,12.056287692672486,-0.967,0.476011477226271,0.0,8.983520117978733,3.70622014950634,73.2962313883119,1990,0.467,1.0
MEX,1996,-0.2134187486636368,,,12.072202066929181,-0.967,0.411044545371404,0.0,9.026496011129996,4.11473850462351,73.6269922663634,1990,0.491,1.0
MEX,1997,-0.21037924769007352,,,12.075754366140012,-0.967,0.43569107787377,1.0,9.079188410882171,3.18057074248256,73.9513082519844,1990,0.512,1.0
MEX,1998,-0.18979660275814408,,,12.065705860969826,-0.967,0.417243861215643,1.0,9.12280834431784,1.74627703760617,74.2716464717421,1990,0.555,1.1
MEX,1999,-0.20341764663261358,,,12.071207529425529,-0.967,0.405987604918763,1.0,9.13399668782849,2.3736230088796,74.5904740522037,1990,0.6,1.1
MEX,2000,-0.21693699211098277,,,12.066948056397315,-0.967,0.420263793911023,1.0,9.167638455470653,3.5781826113811,74.9203113970256,2000,0.605,1.2
MEX,2001,-0.23085388761174075,,,12.062221224045802,-1.0550000000000002,0.4085181378342,1.0,9.148289500043115,2.60164301698472,75.2907557567987,2000,0.671,1.1
MEX,2002,-0.24169858665140992,,,12.062734003514976,-1.143,0.405679210443065,1.0,9.131543764230113,2.74840903518892,75.6840752828994,2000,0.681,1.3
MEX,2003,-0.2747450397921754,,,12.064784218182773,-1.2309999999999999,0.391316389699324,1.0,9.129346851332476,3.35934793986578,76.046170340551,2000,0.693,1.5
MEX,2004,-0.3072003056724481,,,12.064626260510984,-1.3190000000000002,0.386714351968895,1.0,9.150727275536402,4.19499035807608,76.3274397419019,2000,0.702,1.6
MEX,2005,-0.3309492152987856,,,12.068314197641314,-1.407,0.348326583014086,1.0,9.15815376319475,5.58648727639514,76.4748624380269,2000,0.711,1.7
MEX,2006,-0.3342142929067027,,,12.05832075550708,-1.407,0.340404650226474,1.0,9.191547694779059,6.1411361184755,76.4982455683657,2000,0.711,1.6
MEX,2007,-0.33631157209070756,,,12.072450972453913,-1.3726,0.297483414235144,1.0,9.198034496968853,5.75685331700591,76.5047326234761,2000,0.674,1.6
MEX,2008,-0.33391902564003806,,,12.070231651178718,-1.348,0.383092431979546,1.0,9.192822036515162,6.7408329915323,76.5090428271033,2000,0.639,1.7
MEX,2009,-0.33908075768314083,,,12.080246374462337,-1.3234,0.37317675556547,1.0,9.11318155408587,4.17264386033762,76.5143930040295,2000,0.649,1.9
MEX,2010,-0.3424213886883267,,,12.095752233487453,-1.2988000000000002,0.478488795822754,1.0,9.147301229756302,4.9517973655552,76.5244441414713,2010,0.65,2.0
MEX,2011,-0.34934196512354715,,,12.107079836878675,-1.2482,0.433229899207479,1.0,9.167008394389159,7.12685649981166,76.5667802279537,2010,0.662,2.2
MEX,2012,-0.3521306306609027,,,12.115471734237108,-1.2356,0.447386999972132,1.0,9.188352169827196,6.64761771453207,76.6585199140734,2010,0.662,2.2
MEX,2013,-0.36186560556926606,,,12.119787248700495,-1.1916,0.455502051174913,1.0,9.183864005595144,5.63992841356242,76.7955768077952,2010,0.65,2.3
MEX,2014,-0.37406790727068506,,,12.114261535876933,-1.1064,0.48764287589738,1.0,9.196493064363933,4.74356172979305,76.9741367091766,2010,0.623,2.4
MEX,2015,-0.365118249590282,,,12.126800889033744,-1.0211999999999999,0.495321031372806,1.0,9.21246198090763,2.18360553071428,77.1903854182753,2010,0.621,2.5
MEX,2016,-0.3613810293294083,,,12.146332300488924,-0.962,0.45074282393045,1.0,9.2203404164037,1.97524669608099,77.4405087351486,2010,0.643,2.5
MEX,2017,-0.3635872849937354,,,12.147538665986925,-0.9078000000000002,0.480046272445401,1.0,9.229532295068868,2.36148896456378,77.7206924598541,2010,0.643,2.5
MEX,2018,-0.36602124995543006,,,12.152669597456514,-0.9056000000000001,0.424849155540147,1.0,9.239595156557186,2.8911069990433,78.0271223924494,2010,0.638,2.4
MEX,2019,-0.3601684432468524,,,12.159564607555232,-1.1346,0.464611544931539,1.0,9.226159077589305,2.09126302062882,78.355984332992,2010,0.675,2.4
MEX,2020,-0.3539973204714144,,,12.153611915730428,-1.3024,0.509337628297564,1.0,9.130717301987913,1.55983378352436,78.677960602824,2020,0.684,2.4
MEX,2021,-0.361499860849003,,,12.145969196345604,-1.4702,0.717690608258695,1.0,9.182769443029882,3.64307338835023,78.9324007418057,2020,0.664,2.6
NIC,1994,-0.1472486377022569,,,10.898689838010934,0.008999999999999963,2.10232558139535,1.0,7.081570056442028,1.62282645767437,54.2592490118693,1990,0.691,3.4
NIC,1995,-0.09182200404734767,,,10.90354860125479,-0.4242,1.18950040982787,1.0,7.11863860599025,1.99078483904908,54.4454415882899,1990,0.69,3.4
NIC,1996,-0.10953626011282147,,,10.865012971036602,-0.395,1.10282030687536,1.0,7.1615762082639085,1.55099338059432,54.6219424540121,1990,0.689,3.6
NIC,1997,-0.1149878864475241,,,10.83351136797831,-0.395,0.949704913116282,1.0,7.1837876047075095,1.89151852264118,54.7838878574412,1990,0.676,3.6
NIC,1998,-0.10583318243463861,,,10.799890166930775,-0.395,0.894669832421458,1.0,7.204946566177612,1.5777578844684,54.9348900789023,1990,0.632,3.8
NIC,1999,-0.10064484829046946,,,10.763189872930514,-0.395,0.735362192331601,1.0,7.258636281158865,1.42120426128236,55.0779505708784,1990,0.632,3.9
NIC,2000,-0.10742898990664895,,,10.736460354658414,-0.395,0.71949282543475,1.0,7.2850780131543456,1.3540087539637,55.2160707858522,2000,0.597,4.0
NIC,2001,-0.11049806158147388,,,10.711314779704294,-0.395,0.782751441383728,1.0,7.301360450231303,1.14847900083655,55.3522521763064,2000,0.586,4.1
NIC,2002,-0.11230587233816723,,,10.68496397898236,-0.395,0.683524520762284,1.0,7.296742946025616,1.14157988958926,55.4894961947237,2000,0.588,4.3
NIC,2003,-0.1189875199438588,,,10.681505441691558,-0.395,0.865165582304889,1.0,7.309852179392455,1.12766211906764,55.6308042935869,2000,0.601,4.5
NIC,2004,-0.12190507033692544,,,10.67536644667879,-0.395,0.860737429085598,1.0,7.349792889742919,1.29185557609837,55.7791779253789,2000,0.591,4.7
NIC,2005,-0.11944558829359897,,,10.66913727341936,-0.395,0.730793275300281,1.0,7.378688293137505,1.11397978053442,55.9375480421093,2000,0.591,4.8
NIC,2006,-0.12976296373715263,,,10.653187767286262,-0.395,0.700404064217207,1.0,7.40511378825957,1.57912337410457,56.1058547675536,2000,0.591,5.0
NIC,2007,-0.12585835401042433,,,10.643486507702018,-0.395,0.551255993486822,1.0,7.440268694941515,1.54258856099957,56.2816618351146,2000,0.563,5.2
NIC,2008,-0.12292939652176385,,,10.643129683738982,-0.39720000000000005,0.53172621458102,0.0,7.459717513687397,1.4819143624518,56.4638124507513,2000,0.457,5.5
NIC,2009,-0.12082313553870164,,,10.640413104010687,-0.39940000000000003,0.502058376769716,0.0,7.411991413446985,1.31162414000297,56.651098305894,2000,0.445,5.7
NIC,2010,-0.1496266576704662,,,10.660088079074397,-0.4016,0.502751000926974,0.0,7.440955954105295,4.15315104137442,56.842311091973,2010,0.441,5.9
NIC,2011,-0.14585626226189233,,,10.668674786313638,-0.40380000000000005,0.505472679188859,0.0,7.488085678332341,5.12065108678162,57.0362425004184,2010,0.436,5.8
NIC,2012,-0.1390873547989346,,,10.65677073146069,-0.406,0.526411336509848,0.0,7.5369909268807636,4.62546930334416,57.2316842226606,2010,0.425,5.8
NIC,2013,-0.137887559188482,,,10.643971127630294,-0.406,0.665903553721293,0.0,7.571193633093493,4.95048345059701,57.4274279501299,2010,0.371,5.6
NIC,2014,-0.13597478321187476,,,10.644183659522133,-0.406,0.678614215031222,0.0,7.604221294344823,4.2211834678271,57.6222653742564,2010,0.319,5.6
NIC,2015,-0.12095662097086092,,,10.65939324741388,-0.406,0.685091959091359,0.0,7.637454329088445,2.10539835608013,57.8149881864705,2010,0.319,5.5
PAN,1990,-0.20695673485979355,,,11.425924047334279,0.571,2.0849104859335,0.0,8.482344732870155,0.270038517781232,53.8712763235306,1990,0.146,3.0
PAN,1991,-0.13129899932558786,,,11.356381426147962,0.13599999999999995,1.25635913653238,0.0,8.551132080184205,0.270515828891458,54.5277463774443,1990,0.476,3.0
PAN,1992,-0.1315755078774452,,,11.32575528060555,-0.29900000000000004,1.22854731313889,1.0,8.609021064649284,0.241444412443813,55.3376133253207,1990,0.684,3.1
PAN,1993,-0.14213950742136797,,,11.3262031928107,-0.7340000000000001,1.08347426748615,1.0,8.641369304768395,0.186976705700625,56.2553745051635,1990,0.7,3.1
PAN,1994,-0.16152512028050495,,,11.281493232167204,-1.169,1.19864522871209,1.0,8.648865700610994,0.190573130158881,57.2394879441357,1990,0.704,3.2
PAN,1995,-0.15647779340528903,,,11.31119931015522,-1.604,1.19255655788032,1.0,8.645833413502288,0.243858603386048,58.2484116694001,1990,0.707,3.2
PAN,1996,-0.1538218413463449,,,11.360157112531919,-1.604,1.11575688974104,1.0,8.665593472367807,0.174799664199064,59.2406037081197,1990,0.711,3.2
PAN,1997,-0.1542318504447396,,,11.38774934569274,-1.604,1.08559230216368,1.0,8.719749740827606,0.200201312008784,60.1745220874573,1990,0.711,3.2
PAN,1998,-0.15402286112383126,,,11.445061231910366,-1.604,1.17017056723522,1.0,8.780321797364609,0.150609219935685,61.0086248345759,1990,0.711,3.2
PAN,1999,-0.15338913571412954,,,11.45632250679681,-1.604,0.951292019208781,1.0,8.81131291180725,0.138366747024726,61.7013699766382,1990,0.699,3.5
PAN,2000,-0.15307373274389607,,,11.493806986523664,-1.604,0.974136501313688,1.0,8.832901220551138,0.137185387867812,62.2165370013582,2000,0.698,3.5
PER,1990,-0.37434595039517327,,,10.754950511458492,2.526,2.19047619047619,1.0,7.903567671387445,9.33591696551231,68.9308005041295,1990,0.655,4.6
PER,1991,-0.3919284113792724,,,10.737440521244098,2.526,2.68237879230488,1.0,7.904437289829567,3.44013922413401,69.3117215938287,1990,0.612,4.6
PER,1992,-0.4001145237473791,,,10.714857325533853,2.526,2.01981593068921,1.0,7.878653029534769,2.84163070262317,69.7000538774584,1990,0.59,4.7
PER,1993,-0.3872820247342206,,,10.663254209930324,2.446,2.50703504732668,0.0,7.909593868801556,2.26467553978964,70.0997909655959,1990,0.249,4.7
PER,1994,-0.40284602995036595,,,10.68144175420284,2.0822,2.74610246918215,0.0,8.005893098859444,3.01892940642677,70.5003156312488,1990,0.252,4.7
PER,1995,-0.407467984785113,,,10.67788035830859,1.6349999999999998,2.47419793989292,0.0,8.058005541670788,3.19428115750427,70.8898533910601,1990,0.246,4.9
PER,1996,-0.40440889069715436,,,10.675535370940526,1.1878,2.63532409935627,0.0,8.066804178143753,2.80473952192198,71.271133088093,1990,0.285,4.9
PER,1997,-0.3723251076471606,,,10.682791345446194,0.7405999999999999,2.50202659772583,0.0,8.111073322278738,2.59268217140284,71.6470953159639,1990,0.362,5.1
PER,1998,-0.3303170815989511,,,10.694964255995654,0.3734,1.99676996833552,0.0,8.08896008703908,1.33224077596512,72.0206806682894,1990,0.362,5.1
PER,1999,-0.31151242352746333,,,10.731461972595964,0.29,2.01666134194933,0.0,8.086526583387267,2.05435185498836,72.3948297386861,1990,0.349,5.1
PER,2000,-0.2935809749358912,,,10.742380407326273,0.29,1.93063071870992,0.0,8.097509400669164,3.00673261080851,72.7724831207703,2000,0.349,5.3
PER,2001,-0.16911163997313805,,,10.751748913844933,0.07839999999999998,1.78896684869544,0.0,8.089992850389264,1.87027989928496,73.1565814081586,2000,0.413,6.0
PER,2002,-0.1237141324958432,,,10.74272374113847,-0.13320000000000004,1.75202012964839,1.0,8.131162970700037,2.00486620297994,73.5500651944675,2000,0.723,5.7
PER,2003,-0.1093936129735261,,,10.753999886966964,-0.34480000000000005,1.54184022087652,1.0,8.161315545801125,3.0037165322875,73.9558750733136,2000,0.792,5.1
PER,2004,-0.08960279173225523,,,10.758828865663181,-0.5564,1.5094994978724,1.0,8.199904605893666,6.234603660457,74.3769516383133,2000,0.792,4.7
PER,2005,-0.08770630572476029,,,10.770483583110735,-0.768,1.38222353551043,1.0,8.251959183297817,7.82322862890974,74.8162354830832,2000,0.792,4.0
PER,2006,-0.08923278645821234,,,10.777912169730705,-0.768,1.58127268565483,1.0,8.316633368645569,13.4308080436867,75.2766672012397,2000,0.792,3.7
PER,2007,-0.13427120315633975,,,10.794752066423424,-0.7894,1.45621492625964,1.0,8.391128985115767,14.213314090691,75.7615250588738,2000,0.792,3.5
PER,2008,-0.2200545420642431,,,10.80974789297649,-0.8108000000000001,1.30393825370825,1.0,8.471887497983221,12.0258973772881,76.2744879116779,2000,0.796,3.2
PER,2009,-0.28129129236004646,,,10.842635800658888,-0.8322,1.24669488192926,1.0,8.476615237408398,8.9210124490135,76.822147540745,2000,0.801,3.3
PER,2010,-0.28560581960157183,,,10.898315653597425,-0.8535999999999999,1.52962572422539,1.0,8.550123506290927,11.2141792512141,77.4020936833934,2010,0.8,3.2
PER,2011,-0.30558594035308057,,,10.939966521291074,-0.875,1.47697203873093,1.0,8.604005032808287,12.7665949125059,78.0118164985462,2010,0.804,3.2
PER,2012,-0.3285059138195263,,,10.991416552447562,-0.9172,1.37118305528699,1.0,8.655222061188207,9.99927931288698,78.6488061451268,2010,0.812,3.3
PER,2013,-0.3459927834712447,,,11.043641553676654,-0.9594000000000001,1.48351279277452,1.0,8.703085270909416,7.65420483078558,79.3105527820586,2010,0.827,3.3
PER,2014,-0.3520687597037204,,,11.101271025117184,-1.0388000000000002,1.64306905104789,1.0,8.716686245139517,5.66292821656372,79.9945465682649,2010,0.821,3.6
PER,2015,-0.3601204967527091,,,11.161553329339135,-1.1324,1.60248762240244,1.0,8.737406293698061,3.91148648466656,80.698277662669,2010,0.822,3.8
PER,2016,-0.34099806511007646,,,11.205533136611379,-1.2260000000000002,1.74508054943009,1.0,8.762842341065296,4.40523816648386,81.4192362241943,2010,0.817,4.1
PER,2017,-0.3506812155350649,,,11.237982123965732,-1.225,1.32190839942957,1.0,8.772985043676032,5.8962563954339,82.1931650502403,2010,0.788,4.2
PER,2018,-0.3811546544451054,,,11.2722851907808,-1.1818,1.2652396703256,1.0,8.793785657037539,5.95602611154103,82.6854929960921,2010,0.789,4.1
PER,2019,-0.38374629587207576,,,11.296716363418415,-1.1014000000000002,1.18979117011669,1.0,8.798795947456263,2.49912146958912,83.1033003087105,2010,0.81,4.1
PER,2020,-0.37810942493771044,,,11.321824108513173,-1.0068,1.20589146228792,1.0,8.671086166197867,3.97961448773443,83.5267437189637,2020,0.801,4.1
PER,2021,-0.3740794075294703,,,11.350228159642842,-0.9122,1.31677830419866,1.0,8.787368023895665,12.7247082349187,83.9480118272361,2020,0.818,4.0
PRY,1991,-0.1229425691617593,,,11.06119427724792,-0.4072,2.13187585625298,0.0,8.316664595335482,2.37235297949305,50.9890243427719,1990,0.384,9.9
PRY,1992,-0.13098733513927624,,,11.096864922116845,-0.425,2.8293270046069,0.0,8.307470244714665,2.58028051902425,51.8012367901724,1990,0.401,8.4
PRY,1993,-0.11511146923904475,,,11.128926882859435,-0.44279999999999997,2.36888997739081,0.0,8.330329592640803,2.65203801608256,52.5682771504092,1990,0.481,6.8
PRY,1994,-0.10236983254481356,,,11.153209898656051,-0.6608,2.17854766482964,1.0,8.35752782379231,2.2446170941753,53.3488083347573,1990,0.512,5.4
PRY,1995,-0.08596885188068965,,,11.173619889009586,-0.8788,2.04676637090921,1.0,8.399577842624682,2.63965820175389,54.1320651066411,1990,0.518,3.9
PRY,1996,-0.07334416823494498,,,11.191652923732045,-0.906,2.2834245690128,1.0,8.391941212693776,2.22608401252279,54.9016155849672,1990,0.518,2.4
PRY,1997,-0.07377835113460493,,,11.209279016033186,-0.906,2.06378993670781,1.0,8.410948588333017,2.01417230058798,55.6410278886419,1990,0.523,1.9
PRY,1998,-0.06320114139295949,,,11.22203967162805,-0.906,1.68568030658609,1.0,8.389839500473617,1.90038248473524,56.3338701365719,1990,0.527,1.6
PRY,1999,-0.05997938805770326,,,11.23055349379026,-0.906,1.54315371528311,1.0,8.355260127269762,1.75811595698581,56.9637104476634,1990,0.532,1.3
PRY,2000,-0.062254791113044834,,,11.225290888380693,-0.906,1.38876785203796,1.0,8.312500749902892,1.46125820906746,57.5141169408231,2000,0.535,1.0
PRY,2001,-0.06310811340672214,,,11.212331427098501,-0.7968000000000001,1.24493945384649,1.0,8.28724762845027,1.60887106842193,57.9686577349574,2000,0.54,1.0
PRY,2002,-0.07118268766482677,,,11.197324616151283,-0.968,1.07463481723327,1.0,8.272938413850728,2.06807979138211,58.3089732866691,2000,0.54,1.1
PRY,2003,-0.08593609837154337,,,11.18139718351531,-1.1392,0.97123693298858,1.0,8.30293959192202,2.14219181665103,58.5521334403429,2000,0.54,0.9
PRY,2004,-0.08276171400616804,,,11.165871379315815,-1.3104,0.825755371784335,1.0,8.331187861372,1.64919367692685,58.7421370296254,2000,0.565,0.7
PRY,2005,-0.0759910004365262,,,11.145168342524531,-1.4815999999999998,0.877630063887399,1.0,8.341238729247996,1.6488717465954,58.894079141979,2000,0.595,0.7
PRY,2006,-0.08737723319830921,,,11.088422838275763,-1.762,0.721480399782029,1.0,8.377772943908957,1.92110670134396,59.0202286834627,2000,0.595,0.7
PRY,2007,-0.0911448070004948,,,11.082275462679425,-1.762,0.793455134933818,1.0,8.420766507531372,1.74879846359446,59.1328545601355,2000,0.595,0.7
PRY,2008,-0.11173269803787349,,,11.118868317870545,-1.762,0.741436848396038,1.0,8.474006567482823,1.53670993415519,59.2442256780564,2000,0.595,0.7
PRY,2009,-0.11284358630200503,,,11.102540153091836,-1.497,0.683124275184385,1.0,8.461172288554133,1.62701325231846,59.3666109432844,2000,0.62,0.7
PRY,2010,-0.1359995361172447,,,11.115025191853647,-1.1592,0.753483712105124,1.0,8.554691295295894,2.08299287196264,59.5122792618786,2010,0.631,0.8
PRY,2011,-0.12713360211520436,,,11.116638816126953,-0.8214,0.750544858772042,1.0,8.583390989661925,1.67187532266737,59.693499539898,2010,0.639,0.9
PRY,2012,-0.11766673203756807,,,11.160767657773613,-0.48360000000000003,0.844603850849582,1.0,8.562216737174236,1.69034010085165,59.9212909454702,2010,0.63,1.0
PRY,2013,-0.12650833525303595,,,11.17968089371911,-0.35419999999999996,0.964506788033691,1.0,8.627503530512824,1.6980914846184,60.2375315600901,2010,0.608,1.1
PRY,2014,-0.13527739214920156,,,11.141640458840778,-0.40359999999999996,0.964167260244977,1.0,8.66466040603197,1.68579710915118,60.7101965948157,2010,0.585,1.1
PRY,2015,-0.13034751756835017,,,11.17604833789757,-0.5258,0.986605391734507,1.0,8.679199436438523,1.69931574477657,61.3302768533263,2010,0.595,1.1
PRY,2016,-0.1409416452923565,,,11.228735883331892,-0.8024000000000001,1.06744934908852,1.0,8.70648354194201,1.89364402448299,62.0827613208606,2010,0.593,1.2
PRY,2017,-0.15524904497029848,,,11.24238573308654,-0.9498000000000001,0.950953301628568,1.0,8.739237519828748,1.68483913659766,62.9526389826574,2010,0.589,1.2
PRY,2018,-0.14875365680886743,,,11.258874374267375,-0.8888,0.892663231219253,1.0,8.756877459781835,1.51126155574886,63.9248988239553,2010,0.596,1.3
PRY,2019,-0.1509330137106692,,,11.272387833265597,-0.914,0.961156152749535,1.0,8.739302001006266,1.37779411178328,64.9845298299929,2010,0.583,1.4
PRY,2020,-0.156759956268808,,,11.276063032376475,-0.9391999999999999,0.973840384070445,1.0,8.717550469205571,1.68263325547904,66.116520986009,2020,0.585,1.4
PRY,2021,-0.14645861933913704,,,11.2987693436998,-0.81,1.02757342677333,1.0,8.744611567412317,1.34701587848651,67.3058612772421,2020,0.578,1.4
SLV,1990,-0.21735909874610587,,,10.507507903956077,4.035,4.87234584982692,0.0,7.7614063158558935,0.835429774031668,48.9832556080127,1990,0.208,-1.7
SLV,1991,-0.22292080548539975,,,10.499711467908185,4.035,3.41366598744942,0.0,7.758732287136455,1.10154936595353,49.6386716440595,1990,0.212,-1.6
SLV,1992,-0.20750691525382073,,,10.476874480838076,4.035,2.73257745456787,0.0,7.810255311022323,0.781151128746524,50.2872835534805,1990,0.221,-1.7
SLV,1993,-0.20422542271422475,,,10.465490409005762,3.6980000000000004,2.25357678228633,0.0,7.8535859180234695,0.559922378466846,50.9483930098203,1990,0.272,-1.6
SLV,1994,-0.19018373658028048,,,10.466784928971228,2.7068000000000003,1.67872879014223,0.0,7.889913443138551,0.567410530010439,51.6517549528294,1990,0.379,-1.7
SLV,1995,-0.17870630060013776,,,10.466968698456979,1.6108,1.35222117942445,0.0,7.92780234500189,0.77923195419577,52.3961349506028,1990,0.471,-1.6
SLV,1996,-0.14123347152897875,,,10.474660388202702,0.5147999999999999,1.17505832785871,0.0,7.9284227072619275,0.509551084760622,53.1766916094294,1990,0.484,-1.6
SLV,1997,0.02955187142012666,,,10.523163649635276,-0.5812,1.07440915279515,0.0,7.9525746163149895,0.820568279143213,53.9885835355981,1990,0.491,-1.6
SLV,1998,0.01762616940573989,,,10.519617012257129,-1.3402,1.00776620629422,0.0,7.972576576280139,0.653989579847932,54.8269693353978,1990,0.493,-1.7
SLV,1999,-0.002105933515061887,,,10.552147440538977,-1.445,0.922942907935975,0.0,7.9883505731528945,0.5553467617329,55.6870076151174,1990,0.492,-1.6
SLV,2000,-0.009310819250998048,,,10.558635630062001,-1.445,0.920549239593538,1.0,7.99459638121267,0.497077305664038,56.5638569810457,2000,0.505,-1.7
SLV,2001,-0.014705854150280633,,,10.590190184044413,-1.445,0.840331038102095,1.0,7.999207780250162,0.485786941180763,57.4526760394716,2000,0.522,-1.7
SLV,2002,-0.012385069001687352,,,10.624678177915685,-1.445,1.09067003863398,1.0,8.01170764312865,0.470738093792746,58.3486233966841,2000,0.534,-1.6
SLV,2003,-0.018654375255251467,,,10.62976367522332,-1.445,1.13023872990524,1.0,8.025243189033683,0.464556781953447,59.2468576589718,2000,0.543,-1.6
SLV,2004,-0.03127827115609794,,,10.693836524483551,-1.445,0.841381284888912,1.0,8.033086190447184,0.452387405870909,60.1425374326239,2000,0.537,-1.4
SLV,2005,-0.03997956054265918,,,10.705720371400774,-1.445,0.810214431044768,1.0,8.059390407038835,0.546622489459469,61.0308213239291,2000,0.539,-1.2
SLV,2006,-0.02475242928835531,,,10.7487129709375,-1.4524000000000001,0.90420465369438,1.0,8.102389062150724,1.10993470507458,61.9068679391763,2000,0.542,-1.1
SLV,2007,-0.01575196856206747,,,10.765812393525524,-1.4598,0.888131105901353,1.0,8.119446907115272,1.02476871768865,62.7676878093683,2000,0.557,-0.9
SLV,2008,-0.013153626758146596,,,10.78172500215156,-1.4671999999999998,0.973444824900437,1.0,8.137527187971052,1.1698028573412,63.6372503452723,2000,0.56,-0.9
SLV,2009,-0.012259051638869346,,,10.79164542963372,-1.4746000000000001,0.961811831487238,1.0,8.113070634317651,0.715439137322185,64.5299047495248,2000,0.561,-1.1
SLV,2010,-0.0024116799587961505,,,10.823030414157241,-1.5506,1.07887821146881,1.0,8.131087512584056,1.02874215933074,65.4327927543162,2010,0.594,-0.9
SLV,2011,0.0023723803420934784,,,10.831285132904913,-1.6355999999999997,1.08955372746629,1.0,8.164850747587009,0.832361782908174,66.334413642034,2010,0.613,-0.7
SLV,2012,0.006015018791940896,,,10.835295061608658,-1.7206,1.08806149544119,1.0,8.188777766364051,0.771015636279707,67.2232666950659,2010,0.613,-0.6
SLV,2013,0.005071772318255121,,,10.837821895201154,-1.8056,1.04880962679117,1.0,8.206829270823723,0.938918673106463,68.0878511957995,2010,0.615,-0.6
SLV,2014,0.0020596217546956543,,,10.830942818271614,-1.8416000000000001,1.07998923193894,1.0,8.219851257751255,1.0550593254644,68.9166664266223,2010,0.626,-0.8
SLV,2015,-0.003737575295848215,,,10.841110339271994,-1.809,1.03525487674093,1.0,8.240211238908092,0.850742982932215,69.6982116699219,2010,0.665,-0.7
SLV,2016,-0.0027232463084331015,,,10.865915995732076,-1.7599999999999998,1.05682005889035,1.0,8.262519476250159,1.0221138126124,70.3990173339844,2010,0.658,-0.5
SLV,2017,-0.003000952571386322,,,10.893733336293149,-1.7109999999999999,1.02350295230491,1.0,8.282695460364838,0.88816041131789,71.0856704711914,2010,0.659,-0.5
SLV,2018,-0.010437884207407593,,,10.909257157145362,-1.5992,1.04446940079198,1.0,8.305524283156728,0.663649690465912,71.7577209472656,2010,0.672,-0.3
SLV,2019,-0.006284390229203846,,,10.939004909188132,-1.5714,1.13220727885334,1.0,8.329203047532397,0.562349124959244,72.4148941040039,2010,0.631,-0.3
SLV,2020,-0.011781798109258265,,,10.958925920426228,-1.5382,1.18000962074512,1.0,8.244999080053105,0.764177304476048,73.0570220947266,2020,0.599,-0.5
SLV,2021,-0.022064942879904403,,,10.973288034895196,-1.505,1.37995002386364,1.0,8.354097037462306,0.535264947589614,73.6838531494141,2020,0.518,-0.5
URY,1990,-0.15645707077408558,,,11.661910643544738,-1.7776,3.52912674143328,1.0,9.026460309927904,0.60644469736533,89.0930129250252,1990,0.816,8.8
URY,1991,-0.14886357958442256,,,11.657161249670352,-2.0951999999999997,3.52740166449266,1.0,9.055470849610224,0.547745702244625,89.4468827883698,1990,0.836,8.8
URY,1992,-0.14244166217001675,,,11.649274123632042,-2.2664,2.39471219270806,1.0,9.126257562987211,0.524820143871655,89.780655787039,1990,0.837,9.0
URY,1993,-0.13834471142474786,,,11.653337103327015,-2.4376,2.84951481234276,1.0,9.14719920909749,0.442303519058191,90.0885354831698,1990,0.837,9.2
URY,1994,-0.13796132477752437,,,11.658306766931775,-2.6087999999999996,2.79239845208779,1.0,9.21227329511559,0.375584936110432,90.364725438899,1990,0.837,9.3
URY,1995,-0.1326453702243215,,,11.696096703362835,-2.78,2.57770556975008,1.0,9.192471348027704,0.44852566255986,90.6034292163637,1990,0.838,9.4
URY,1996,-0.10706661093513012,,,11.703904251750231,-2.78,2.71463667452926,1.0,9.241471021431476,0.381449645677067,90.7987169022654,1990,0.871,9.4
URY,1997,-0.10202411172373194,,,11.710099289092256,-2.78,2.80593839042227,1.0,9.31819585775088,0.401275809484488,90.9527192912429,1990,0.871,9.6
URY,1998,-0.10335426569449689,,,11.733055307916928,-2.78,2.39972074691363,1.0,9.357462050652947,0.327248533539315,91.0763563098556,1990,0.871,9.4
URY,1999,-0.10524089353538556,,,11.75907122393144,-2.78,2.2581336824168,1.0,9.337597205686361,0.301658893171144,91.1807813592588,1990,0.877,9.1
URY,2000,-0.10847939419493897,,,11.786900824960009,-2.78,2.3944609705068,1.0,9.314369788239542,0.193328084228466,91.2769768173566,2000,0.875,9.2
URY,2001,-0.11072505356017218,,,11.827892776598556,-2.78,2.43597728787045,1.0,9.272710049302109,0.216877824747985,91.3759250620534,2000,0.873,9.4
URY,2002,-0.11316259284108074,,,11.863624975029776,-2.78,2.50257766217716,1.0,9.190828375699178,0.45458997663173,91.4886084712534,2000,0.873,8.7
URY,2003,-0.11295831746512527,,,11.883814185812078,-2.78,2.53014006008996,1.0,9.198141957262543,0.632377734235131,91.6260094228609,2000,0.873,8.6
URY,2004,-0.11716343439150752,,,11.92798994645443,-2.78,2.23754532184395,1.0,9.246373967265198,0.800895044345689,91.8009434091917,2000,0.873,9.1
URY,2005,-0.12416213962546183,,,11.942023025228789,-2.78,2.0407280132366,1.0,9.317525086780893,0.806565485741014,92.0812710048572,2000,0.874,9.2
URY,2006,-0.13005124059756384,,,11.914801474180356,-2.78,2.00038586601038,1.0,9.356557136243545,1.12340438595144,92.4845482788191,2000,0.89,9.7
URY,2007,-0.1289839969889414,,,11.919453831813236,-2.78,2.00617807800672,1.0,9.418206433316357,1.28842123844774,92.9603688038713,2000,0.892,10.3
URY,2008,-0.14407685429019454,,,11.91087038831722,-2.78,1.77716708828507,1.0,9.485380593016586,1.56798161399914,93.45975578621,2000,0.892,10.1
URY,2009,-0.1380574762200331,,,11.89936553888119,-2.78,1.86952468832085,1.0,9.52454612643267,1.34673827245616,93.9337324320314,2000,0.892,9.6
URY,2010,-0.14570048724728038,,,11.90638505022968,-2.78,1.82261337958887,1.0,9.597123928699771,2.02169884847788,94.3333219475319,2010,0.894,9.8
URY,2011,-0.14164514474328463,,,11.920892377297038,-2.78,1.87580785777619,1.0,9.644975610857257,1.43709496222999,94.6036824756941,2010,0.912,9.9
URY,2012,-0.15290408350859722,,,11.947380619164049,-2.78,1.71974893241654,1.0,9.677171329777222,1.17962644777555,94.7606597546186,2010,0.912,9.8
URY,2013,-0.16650657179246844,,,11.960653349997427,-2.78,1.60724459656554,1.0,9.719528985074962,1.29138043579779,94.8844735142936,2010,0.912,9.8
URY,2014,-0.15418150298399658,,,12.006153506495579,-2.7142,1.68721815702608,1.0,9.748121594509515,1.45872376049256,94.9897821210514,2010,0.91,9.5
URY,2015,-0.15257778141075967,,,12.048679468133182,-2.6484,1.74099456885648,1.0,9.748347314592769,1.85218241655473,95.0800002298303,2010,0.909,9.7
URY,2016,-0.1501037859786158,,,12.074535100028703,-2.6472,1.76584061733326,1.0,9.761764701294066,1.74168715941962,95.1585424955685,2010,0.897,9.8
URY,2017,-0.14730240708490178,,,12.113792273041,-2.6071999999999997,1.8091708739885,1.0,9.776313263788442,1.82938511988003,95.2288235732042,2010,0.897,9.9
URY,2018,-0.13460649546359219,,,12.142220213075186,-2.5672,1.91114379023487,1.0,9.776162241116287,1.97299244228802,95.2942581176758,2010,0.89,10.1
URY,2019,-0.12301175928651,,,12.158815073095997,-2.5930000000000004,2.07741613248953,1.0,9.784616086291907,1.70632780467724,95.3479309082031,2010,0.896,10.2
URY,2020,-0.13324887973777857,,,12.175867086280862,-2.5002000000000004,2.0057166464094,1.0,9.707677239541228,2.29343009292959,95.3997650146484,2020,0.896,10.4
URY,2021,-0.12607554992806427,,,12.18617133587104,-2.4134,2.05692189335606,1.0,9.765144903261541,1.92773520463627,95.4497146606445,2020,0.867,10.0
VEN,1990,-0.3543643430600307,,,10.015751993413406,0.376,2.79359694117964,1.0,8.232441492638731,29.2548511239111,83.9741022430344,1990,0.735,1.4
VEN,1991,-0.36537136375984314,,,10.006825273551081,0.5686,1.51803655572423,1.0,8.30011694334845,16.6639894189064,84.4092017935829,1990,0.741,1.4
VEN,1992,-0.3690767793517277,,,9.961788151931637,0.7918000000000001,1.84033527682396,1.0,8.335314383384636,15.7571776112482,84.8766356611879,1990,0.742,1.4
VEN,1993,-0.3735546430992636,,,9.93338347456613,0.9492,1.64347885019412,1.0,8.315355414165424,15.7932181812518,85.3657269170578,1990,0.733,1.5
VEN,1994,-0.380081972113952,,,9.923770470169991,1.0076,2.14525385503951,1.0,8.27004457716263,16.2198265911409,85.8624720356125,1990,0.744,1.2
VEN,1995,-0.38068288875421435,,,9.932685689702428,0.9934000000000001,1.59074692484412,1.0,8.287417497279199,15.1363210095652,86.352867491272,1990,0.748,1.0
VEN,1996,-0.38054179837838104,,,9.922629200422316,0.9256,1.54906215977261,1.0,8.264002059212347,23.8367720643582,86.8229097584563,1990,0.748,0.9
VEN,1997,-0.3762362093465124,,,9.881703809745865,0.8577999999999999,1.03948338355238,1.0,8.30501324639952,18.0963540802062,87.2585953115854,1990,0.748,0.7
VEN,1998,-0.3743863468698692,,,9.871469535266831,0.79,1.79528505216579,1.0,8.289675119894206,9.06347009522954,87.6459206250794,1990,0.746,0.7
VEN,1999,-0.38340273842774153,,,9.833930257861757,0.79,1.58855520454273,1.0,8.20893516415139,13.269532614572,87.9708821733583,1990,0.73,0.7
VEN,2000,-0.3846697993005629,,,9.806059788025557,0.6802,1.43719900378467,1.0,8.224740162631768,20.5761295010598,88.219476430842,2000,0.665,0.6
VEN,2001,-0.3753525931129087,,,9.815685682568539,0.5586,1.52657012884905,1.0,8.240006722218466,15.3442903568827,88.372774123042,2000,0.573,0.7
VEN,2002,-0.3715785751767997,,,9.815251689626862,0.4464,1.55510791113255,1.0,8.130617783312989,19.4545884689745,88.4553810951083,2000,0.529,0.7
VEN,2003,-0.36350738989798165,,,9.770750878266233,0.3806,1.15337359551171,0.0,8.032120239402403,21.8955843439596,88.522274342774,2000,0.495,0.6
VEN,2004,-0.34543694707318245,,,9.738158060130411,0.27759999999999996,1.18269062721142,0.0,8.182230452677574,23.8297115705399,88.5835546444319,2000,0.487,0.6
VEN,2005,-0.3433448556129971,,,9.708750038073106,0.2752,1.28830181236512,0.0,8.262511009085545,29.2230041014033,88.638673298371,2000,0.475,0.6
VEN,2006,-0.32223081221962124,,,9.689148668990805,0.25339999999999996,1.83171374924625,0.0,8.340591104149247,28.0774680117788,88.6870816028803,2000,0.474,0.5
VEN,2007,-0.31817108210362793,,,9.693685743077673,0.21460000000000004,1.9784922172232,0.0,8.409511253703366,23.1186941835454,88.7282308562487,2000,0.45,0.8
VEN,2008,-0.30677656382271945,,,9.66853216942656,0.1346,1.88899310620025,0.0,8.445837108418543,23.9223070628002,88.7615723567652,2000,0.434,1.0
VEN,2009,-0.2979017384711022,,,9.682301284709924,0.0918,1.79355285179574,0.0,8.400968195052904,10.5416668243022,88.7865574027187,2000,0.432,1.1
VEN,2010,-0.30874706830865395,,,9.690767092995587,0.058199999999999995,1.23107041540807,0.0,8.371874432020887,12.380878328857,88.8026372923982,2010,0.431,1.2
VEN,2011,-0.3081872289730519,,,9.701444767698904,0.10019999999999998,1.01348862784929,0.0,8.399434263398124,24.4753357613612,88.8079278904659,2010,0.419,1.3
VEN,2012,-0.3220500435533436,,,9.71679146803925,0.1498,1.13040534078431,0.0,8.442127366392015,18.7812359044725,88.8401868543141,2010,0.415,1.2
VEN,2013,-0.3256626519448575,,,9.721930286558477,0.19419999999999998,1.34147173233053,0.0,8.443019384850384,17.6253449138361,88.8786817039721,2010,0.399,1.1
VEN,2014,-0.3328422635537366,,,9.743778205435474,0.28979999999999995,1.66955178280415,0.0,8.39230538477014,11.8465082797294,88.9163913525251,2010,0.327,1.1
