iso3,year,education_share,health_social_share,education_health_share,manufacturing_share
ARG,1998,6.074702547876546,4.829834785857252,10.9045373337338,14.341964526429498
ARG,1999,6.106585865699287,4.728460450307314,10.8350463160066,13.449279417799316
ARG,2000,6.329190538387253,4.6242832127605755,10.953473751147829,13.024386268251353
ARG,2001,6.641419186921927,4.373538616913505,11.014957803835433,12.962684622467005
ARG,2002,7.58340445237411,4.99998382945931,12.583388281833422,12.279126396692847
ARG,2003,7.117580927866234,5.970039477448348,13.087620405314581,12.957445740125584
ARG,2004,7.026404689286661,5.937277573340799,12.96368226262746,12.82828630526678
ARG,2005,7.015071875268689,5.738031651008592,12.753103526277282,13.007262575599334
ARG,2006,7.285016398206447,5.3043308185329145,12.589347216739363,13.017055695436435
ARG,2007,7.172776721682419,5.166211052947471,12.33898777462989,13.02716366545885
ARG,2008,7.1001535446280455,5.063406395782373,12.163559940410419,13.000913714125533
ARG,2009,7.374425066126356,5.124246041149004,12.49867110727536,12.273769213319897
ARG,2010,7.338440767838946,4.936223171931682,12.274663939770628,12.644664179737164
ARG,2011,6.341906497970404,4.720063332797638,11.061969830768042,12.525532419467009
ARG,2012,6.402866091698035,4.833161470278276,11.23602756197631,12.30204537354768
ARG,2013,6.539300467045821,5.020701738556284,11.560002205602105,12.46192787759967
ARG,2014,6.476784293557421,4.945443029411962,11.422227322969384,12.447908604007663
ARG,2015,6.546110503396106,5.086652900411534,11.63276340380764,12.057682234885666
ARG,2016,6.702938348872508,5.321412231905373,12.024350580777881,11.657245995226509
ARG,2017,6.791204727417079,5.49439874215185,12.28560346956893,11.2753658462212
ARG,2018,6.880742004358223,5.5192096767775585,12.399951681135782,10.77678704402014
ARG,2019,6.790775453739675,5.733106787315392,12.523882241055066,10.834730741980607
ARG,2020,7.644362715735697,6.325043158686745,13.969405874422442,11.440006019735682
ARG,2021,6.824423560506183,6.104313914611067,12.92873747511725,10.76061098567526
BOL,1998,5.38749773986972,1.4718592846435747,6.859357024513295,16.821840990716222
BOL,1999,5.416409960917509,1.487912540897444,6.904322501814953,16.746400006916762
BOL,2000,5.375825293417872,1.2153984998002691,6.591223793218141,15.06687554830059
BOL,2001,4.774864108595735,1.2503166917911064,6.025180800386842,13.789103863868705
BOL,2002,4.669669800497811,1.3192243602894562,5.988894160787267,16.440058647449145
BOL,2003,4.795171433590112,1.4278489749115384,6.22302040850165,16.52939923758932
BOL,2004,4.620320220364082,1.449007554455179,6.069327774819261,16.529463695108873
BOL,2005,5.348032509457391,1.2138581433525242,6.561890652809915,16.157034225637677
BOL,2006,5.68329354609038,1.73537149207518,7.41866503816556,15.552526465577946
BOL,2007,5.8049596921214945,1.9297289455046647,7.734688637626159,16.279281196847144
BOL,2008,5.89911606434107,1.8865087873328663,7.785624851673936,16.65070103427837
BOL,2009,7.05297687923116,2.2009217751960977,9.253898654427257,17.145934394326602
BOL,2010,6.730715843966673,2.2339286055479564,8.96464444951463,13.916826733413282
BOL,2011,6.356659788886116,2.243414554414727,8.600074343300843,11.119881648277099
BOL,2012,6.429567753985602,2.238180573016053,8.667748327001656,10.833464399124487
BOL,2013,6.783366230836586,2.856782433369305,9.640148664205892,10.552275228074043
BOL,2014,5.839924760611839,2.0850862622404445,7.925011022852283,14.162587641263007
BOL,2015,5.283578708946772,2.2427262431792445,7.526304952126017,13.104437352002472
BOL,2016,5.282829255645755,2.2499513375766154,7.53278059322237,13.032894172740832
BOL,2017,5.047727624431686,2.0756276677224923,7.123355292154178,12.953138191697958
BOL,2018,4.777996713698652,2.0128733343080576,6.79087004800671,13.104479764040848
BOL,2019,4.974245316719225,2.1195976884861847,7.093843005205409,14.57665139182841
BOL,2020,4.372504310453686,2.6518622653123187,7.024366575766004,11.600517125400698
BOL,2021,4.345597941450152,2.5864499785895605,6.932047920039713,11.441912788360588
BRA,1998,5.3530345218042115,4.329003298272969,9.68203782007718,15.112910120103132
BRA,1999,5.387595700459703,4.351218459477411,9.738814159937114,14.941382839665419
BRA,2000,5.262348981907109,4.406776733175474,9.669125715082583,15.012955838286382
BRA,2001,5.1629289526307405,4.469809093418485,9.632738046049226,15.016794192418503
BRA,2002,5.275282254161778,4.1917515874680715,9.46703384162985,14.715579570210481
BRA,2003,5.2450268326414395,4.209334512282317,9.454361344923758,14.732526824697246
BRA,2004,5.214142206579941,4.021874247115212,9.236016453695154,15.03549511326852
BRA,2005,5.176269227311535,4.090447984864955,9.266717212176491,15.296184181777738
BRA,2006,5.202266987972249,4.216213869183587,9.418480857155835,15.128732009257414
BRA,2007,5.3399588238373825,4.348237213098998,9.68819603693638,15.544819472329657
BRA,2008,5.266460930245306,4.392405314435767,9.658866244681073,15.526720293922715
BRA,2009,5.368214384991589,4.416612377597697,9.784826762589287,14.954917390570312
BRA,2010,5.242925061326637,4.453327858985311,9.696252920311949,14.323439474062337
BRA,2011,5.128656043725361,4.494596738225341,9.623252781950702,13.662878997395893
BRA,2012,5.119048602717032,4.56508820318311,9.684136805900142,13.51547070888878
BRA,2013,4.946350000531204,4.650246350014814,9.596596350546019,13.019937193883518
BRA,2014,5.195112619076057,4.859566984126915,10.054679603202972,13.201831772942391
BRA,2015,5.988273205689796,4.850169065552792,10.838442271242588,12.909490129840874
BRA,2016,6.208979801774333,5.1952966099822895,11.404276411756623,11.716189264198343
BRA,2017,6.091147130380202,5.346697762592679,11.43784489297288,11.76235519779714
BRA,2018,6.297129350493684,5.513939412214209,11.811068762707894,11.686419610160454
BRA,2019,6.357134162381861,5.573719327616202,11.930853489998064,11.64039794218158
BRA,2020,6.765964229351339,6.061812821411193,12.827777050762531,11.789566450361157
BRA,2021,6.3416660314597255,6.084831490569417,12.426497522029143,11.831919486220286
CHL,1998,6.12411466331369,4.031057759463552,10.155172422777241,13.795385419451188
CHL,1999,6.704074668134886,4.439910537452813,11.1439852055877,13.158657662405833
CHL,2000,6.533887780167418,4.35112320568517,10.885010985852588,12.851668799967312
CHL,2001,6.607145428422619,4.423318642671333,11.030464071093952,13.071739106767009
CHL,2002,6.437430882603434,4.335289673624376,10.77272055622781,12.934401046807878
CHL,2003,6.491289651607929,4.3993158671689745,10.890605518776903,12.868394580287468
CHL,2004,6.4756361689434865,4.415561637476797,10.891197806420283,12.759759403840578
CHL,2005,6.457502168464192,4.428610682255687,10.88611285071988,12.602608344668035
CHL,2006,6.441441262250451,4.45130435341397,10.89274561566442,12.48922486666681
CHL,2007,6.428059553926438,4.461357994542036,10.889417548468474,12.29674893128703
CHL,2008,6.413993664846238,4.462842984207085,10.876836649053324,12.023661771914576
CHL,2009,6.509730642127886,4.563980775606353,11.07371141773424,11.778733979125963
CHL,2010,6.49333425778718,4.589550554188582,11.082884811975763,11.60606119239497
CHL,2011,6.50062952017569,4.650883536527211,11.151513056702901,11.860697778469067
CHL,2012,6.890725885492468,4.8663420366464605,11.757067922138928,11.924062043003367
CHL,2013,7.538315358757546,4.748494134078727,12.286809492836273,11.673100416243637
CHL,2014,7.619111059704955,5.384776093553285,13.00388715325824,11.545795921728878
CHL,2015,7.783297748623931,5.644228046670222,13.427525795294153,11.498738933758405
CHL,2016,7.762581160488534,5.435084823906334,13.197665984394868,10.955801121196725
CHL,2017,7.8875006593197385,5.7086391423225615,13.5961398016423,11.049043205494144
CHL,2018,8.126576877764679,5.844467779480772,13.97104465724545,10.645227434153076
CHL,2019,8.217882256923495,6.235302541157278,14.453184798080773,10.102594220223967
CHL,2020,9.072704236469942,6.754449070578923,15.827153307048865,10.109506565591182
CHL,2021,8.529854852562886,6.686875913015865,15.216730765578752,9.981136914939675
COL,1998,4.821563927179652,3.6945517206176754,8.516115647797328,12.333726493038693
COL,1999,4.984634095472146,3.8459453647952957,8.830579460267442,11.562346874929325
COL,2000,5.063822965834619,4.0324564704349735,9.096279436269594,12.819860301039515
COL,2001,5.031265819198154,4.061513271716276,9.09277909091443,12.658682511827427
COL,2002,5.154351083538983,4.230428913041067,9.38477999658005,12.738441759915146
COL,2003,5.106032313956095,4.257946355330786,9.36397866928688,12.786895983153965
COL,2004,4.833767647321149,4.199735381702757,9.033503029023905,13.202263814010585
COL,2005,5.123407272396993,4.05144418333333,9.174851455730323,13.029175392427474
COL,2006,5.053171022159106,4.163588980640163,9.216760002799269,12.701305078373753
COL,2007,5.014639332226219,4.30568459236587,9.320323924592088,12.76269580485195
COL,2008,4.765381818034444,4.263919399909004,9.029301217943448,12.616316433272491
COL,2009,4.6698892368183715,4.235498300976959,8.905387537795331,12.465975536841679
COL,2010,4.666699486232598,4.295624874634338,8.962324360866937,12.396874716369473
COL,2011,4.661601409101554,4.35930693071776,9.020908339819314,12.563423161146662
COL,2012,4.594383507681787,4.351752332767753,8.94613584044954,12.39063604641331
COL,2013,4.786284873205292,4.516583046131162,9.302867919336453,11.626772008315955
COL,2014,4.635259570520792,4.805875600678749,9.44113517119954,11.539434658385186
COL,2015,4.568499936523368,4.7175078213839825,9.28600775790735,11.330093348610673
COL,2016,4.7298563355678835,4.854200042128827,9.584056377696712,10.985185703258518
COL,2017,4.7304314588053,4.63877212422336,9.36920358302866,11.337875103165274
COL,2018,4.644842779221649,4.656006067974702,9.30084884719635,11.492061438243857
COL,2019,4.7544962852049535,4.670933737793361,9.425430022998315,11.302883360406565
COL,2020,4.736598489656465,4.429512561485449,9.166111051141915,10.670383000621024
COL,2021,4.389252904717244,4.298794194580921,8.688047099298165,10.559047824939697
CRI,1998,5.407614073400564,5.803139570125508,11.210753643526072,15.99248806019516
CRI,1999,4.9352540925574635,5.477257864898314,10.412511957455777,15.95860963838492
CRI,2000,5.554290932387967,5.04056801154392,10.594858943931886,14.726943665326607
CRI,2001,5.58379721285588,5.076017919981338,10.659815132837217,14.53085567467132
CRI,2002,5.937567534818297,4.485311294132638,10.422878828950935,13.801399852344684
CRI,2003,6.171254015931229,4.070935658795057,10.242189674726287,13.585121939656798
CRI,2004,5.978539350458962,4.20528060653283,10.183819956991792,13.422170291020603
CRI,2005,5.995683666464722,4.7362704311848,10.731954097649522,13.200133771136661
CRI,2006,6.07460393112987,4.598942555762749,10.673546486892619,12.874803474094174
CRI,2007,5.893197704647569,4.475810166433172,10.369007871080742,12.649958754393266
CRI,2008,5.915736927885864,4.4669978820065035,10.382734809892368,11.859608787967067
CRI,2009,5.992828071907312,4.5511241593977845,10.543952231305097,11.667657574354134
CRI,2010,7.187161092622771,4.508261834559266,11.695422927182037,10.95258312180819
CRI,2011,7.20624227008367,4.523523514104909,11.72976578418858,10.80980772829586
CRI,2012,7.365033086549171,4.623493569608935,11.988526656158106,9.723726350921684
CRI,2013,7.403526730073881,4.664268755597891,12.067795485671772,8.763180217707577
CRI,2014,7.145642176846149,4.518027183918677,11.663669360764825,9.0799592199494
CRI,2015,7.121292851460689,4.517742335128649,11.63903518658934,10.577587668392429
CRI,2016,6.772213654263885,4.3085849980740125,11.080798652337897,9.999697035710833
CRI,2017,6.787812895403032,4.32977802315207,11.117590918555102,9.889421405536186
CRI,2018,5.752614226691513,4.413974114483442,10.166588341174954,10.67822920276746
CRI,2019,5.8259407561445045,5.11651881512289,10.942459571267396,10.100701280888435
CRI,2020,6.812835473040481,5.1843135625579935,11.997149035598476,10.186905348377561
CRI,2021,6.22891632949351,4.775062573945113,11.003978903438622,10.116093531431728
DOM,1998,4.920822605063376,2.68560137248185,7.606423977545226,18.973843280695746
DOM,1999,4.866074163228572,2.657447253933026,7.523521417161598,18.007473271040368
DOM,2000,4.888553648133613,2.669593919349671,7.558147567483284,17.766217600490535
DOM,2001,4.949048349299291,2.7427920840718834,7.6918404333711745,16.146428737394864
DOM,2002,5.390656298720417,2.7175796541121846,8.108235952832601,14.931387171355892
DOM,2003,5.432097418221978,3.0779713587962467,8.510068777018224,15.217248270945955
DOM,2004,5.496674817629719,2.825518589732026,8.322193407361745,15.960377735243203
DOM,2005,5.589940132990067,2.877329397432869,8.467269530422936,15.500062904854108
DOM,2006,5.569573778362631,2.7952601049616272,8.364833883324259,14.844253573028762
DOM,2007,5.834049910561966,2.4963328106534726,8.330382721215438,14.786935149377612
DOM,2008,5.656226146415307,2.550648036619026,8.206874183034333,13.8368849174089
DOM,2009,6.105618022545354,3.0170363650412533,9.122654387586607,11.191887336197052
DOM,2010,5.931314809952923,3.032855038918173,8.964169848871096,11.150751259681584
DOM,2011,6.178383642396858,2.8642702755815317,9.04265391797839,10.814958891730699
DOM,2012,5.83873515354161,3.3539662352048243,9.192701388746435,10.917275226158486
DOM,2013,6.402445545068732,3.318932197537956,9.721377742606688,10.484999495858402
DOM,2014,6.34055888619135,3.3032998067680723,9.643858692959423,10.371723727889808
DOM,2015,6.3187599747141885,3.2913131519293666,9.610073126643556,10.233619735784055
DOM,2016,6.358349460923695,3.4224456495987914,9.780795110522487,10.564326889504194
DOM,2017,6.570040456541092,3.614026869359468,10.18406732590056,10.392412148974921
DOM,2018,6.6157081236752555,3.756187518198583,10.371895641873838,10.238616914153045
DOM,2019,6.195710786973428,3.872762695933662,10.06847348290709,10.475449547655975
DOM,2020,6.074077620812438,4.135519099518597,10.209596720331035,10.499897255423019
DOM,2021,6.095144201502835,3.8963249253415797,9.991469126844414,9.935141991762341
ECU,1998,5.711930627600408,1.680485188115065,7.392415815715473,12.273423551269431
ECU,1999,4.872287914959948,1.452190977235642,6.3244788921955895,13.025628702146525
ECU,2000,4.628772004643492,1.470466188788377,6.099238193431869,12.649821588201215
ECU,2001,4.616434134795299,1.4929436036215984,6.109377738416898,12.508651211519354
ECU,2002,4.927336708340687,1.677156579949672,6.604493288290358,11.637192573470537
ECU,2003,5.229014385250548,1.871027973187515,7.100042358438063,10.778025166156235
ECU,2004,5.310234539174235,1.9013286859184753,7.211563225092711,10.769738780622443
ECU,2005,5.130089970874387,1.8875135828850345,7.017603553759422,10.21977027974637
ECU,2006,5.122434379161529,1.918551339429051,7.04098571859058,10.176755753818155
ECU,2007,4.944446071800329,2.1026505145459207,7.04709658634625,10.018306953360888
ECU,2008,5.1639730108926365,2.1499226540163856,7.3138956649090225,10.221418393939075
ECU,2009,5.1393643514433665,2.0857607610320574,7.225125112475424,9.846981645855443
ECU,2010,5.672597995128079,2.174017124666505,7.846615119794585,10.13643758480958
ECU,2011,5.314549529217052,2.411976654867397,7.726526184084449,9.686614559823882
ECU,2012,5.314637509051855,2.4476368827820147,7.76227439183387,9.64311795207468
ECU,2013,5.271365197086665,2.2182668702275428,7.489632067314208,9.983827464167966
ECU,2014,4.996511846974829,2.2493679279199035,7.245879774894732,10.016229214285106
ECU,2015,4.658799200246339,2.2889066970948755,6.947705897341214,10.183099118000907
ECU,2016,4.633586049809022,2.273371942393822,6.906957992202845,9.966372288003587
ECU,2017,4.221528027690056,2.3776050406576386,6.599133068347694,10.000773324060184
ECU,2018,4.0547044514108475,2.3408654825233475,6.395569933934195,10.109348348467943
ECU,2019,4.029577984324134,2.44245786915936,6.472035853483494,9.472518184009468
ECU,2020,4.103880567324168,2.5897741905392944,6.693654757863463,9.484266616916333
ECU,2021,3.706836095120082,2.2181093345525844,5.9249454296726665,9.870085960597313
GTM,1998,4.824742013833237,2.3491104562995475,7.173852470132784,16.752518216227546
GTM,1999,4.734671661322538,2.317521599718381,7.052193261040919,16.52423893994934
GTM,2000,4.639363571145364,2.2833815282617618,6.922745099407126,16.276909803976285
GTM,2001,4.648413873404022,2.3049218273219014,6.953335700725923,16.06800867761937
GTM,2002,4.650565273389768,2.3202078356689158,6.970773109058683,15.861186028335224
GTM,2003,4.649957056593927,2.338535130510982,6.988492187104909,15.677190528057277
GTM,2004,4.645742059525408,2.3547893578946555,7.0005314174200635,15.505229302733749
GTM,2005,4.793889557224296,2.308998737084859,7.102888294309155,16.52419617773892
GTM,2006,4.945497277725422,2.2519864358954464,7.197483713620868,17.598933897670626
GTM,2007,4.939337512672501,2.254712101462769,7.19404961413527,17.38954751412079
GTM,2008,4.939800112700907,2.2742314536697092,7.2140315663706165,17.190692159598242
GTM,2009,4.938481874678544,2.3033094391181868,7.241791313796731,16.96830706398913
GTM,2010,4.934965123178486,2.320449388507079,7.255414511685565,16.764915895389784
GTM,2011,5.041701904208646,2.164149063656384,7.205850967865031,15.098794602569663
GTM,2012,4.782994189117803,1.8612234548335973,6.6442176439514,14.330692023243529
GTM,2013,4.779563437552247,1.874708325981204,6.654271763533451,14.143525784918044
GTM,2014,4.774302167868604,1.8836965846638172,6.657998752532421,13.966022598196993
GTM,2015,4.300812542000448,1.4161984394500209,5.717010981450469,12.819736743858602
GTM,2016,4.1634213292091395,1.4899930090444575,5.653414338253597,13.493484757008755
GTM,2017,4.197849040703073,1.4755598373221948,5.673408878025267,12.733783358737993
GTM,2018,4.112260291055932,1.6477374151744575,5.75999770623039,12.762330630240948
GTM,2019,4.474369190397529,1.5546597009146395,6.029028891312168,11.646320650506194
GTM,2020,3.740400989376596,1.5201804372819865,5.260581426658582,12.537329061746894
GTM,2021,3.1265761601264592,1.3983129079346157,4.524889068061075,13.337652827459259
HND,1998,4.007398551462368,0.9768934913108465,4.984292042773214,21.377191883936803
HND,1999,4.0469603322541605,1.0005123341726894,5.04747266642685,20.405071018236914
HND,2000,3.8014161249671354,0.9390753699508833,4.740491494918019,20.29576211587254
HND,2001,3.5491140601448286,0.8825036101653824,4.431617670310211,20.155537519368405
HND,2002,3.3047270860338953,0.8251944507637544,4.129921536797649,20.124558739619246
HND,2003,3.5423338801228974,0.8875973155236161,4.429931195646514,19.764815393428112
HND,2004,3.731688425580673,0.9345024148713829,4.666190840452056,19.79910478525408
HND,2005,3.7365398892058774,0.9359793522151485,4.672519241421026,19.573718416683853
HND,2006,3.423457990791253,1.045291534335253,4.468749525126506,18.07531873508897
HND,2007,3.5397542026466593,1.0234116101229582,4.5631658127696175,17.914018544173732
HND,2008,3.544384171579079,1.0293618804373852,4.573746052016464,17.675564119813462
HND,2009,3.4599257859211345,0.895316967673832,4.3552427535949665,16.18682413931954
HND,2010,3.151348685290726,1.0600842280080072,4.211432913298733,15.754304956369268
HND,2011,3.779562016020092,0.9946785582835972,4.774240574303689,16.49332015055658
HND,2012,3.345922475010177,0.9751361759593701,4.3210586509695466,16.517449261128302
HND,2013,3.2368992199060953,0.9571453745228957,4.194044594428991,15.512338591108007
HND,2014,3.0715285584060577,1.0037387826468558,4.075267341052913,18.673234762120025
HND,2015,3.1167756745502215,0.9275670402631452,4.044342714813367,17.742533093621063
HND,2016,3.2620519342164402,1.0407536828205843,4.302805617037024,17.7805138019891
HND,2017,2.677763742888532,1.111837430282198,3.7896011731707304,16.54441826878678
HND,2018,2.6830843299369262,1.1202650393860345,3.8033493693229605,16.322139065111163
HND,2019,3.0077886057967116,1.6138033310003352,4.621591936797047,16.4024314302733
HND,2020,3.1412664769438337,1.6818643019542332,4.823130778898067,16.304498544064337
HND,2021,3.585877217331163,1.791540470831253,5.377417688162415,15.6397237382255
MEX,1998,5.370500072368169,2.702238533249708,8.072738605617877,16.828782456846668
MEX,1999,4.8151685245201845,2.7081048216796906,7.5232733461998755,17.548123526285583
MEX,2000,5.233637262197659,2.8104121039449277,8.044049366142588,17.97878378978385
MEX,2001,5.467432205343451,2.749851168269844,8.217283373613295,17.480003681696296
MEX,2002,5.516627116964051,2.804107790775242,8.320734907739293,17.283854498040395
MEX,2003,5.561490594418978,2.792180048946353,8.35367064336533,16.90994568926833
MEX,2004,5.701368110142364,2.8540365400194205,8.555404650161785,16.895017823941235
MEX,2005,5.72718513999157,2.8905770349246307,8.617762174916201,16.70796438348164
MEX,2006,5.717147945554001,2.8780373775368933,8.595185323090895,16.69445483895829
MEX,2007,5.738964026798503,2.9137003401803123,8.652664366978815,16.507755622464064
MEX,2008,5.690852036475467,2.980647047039025,8.671499083514492,16.015642255119793
MEX,2009,5.819000391077994,3.128619485754535,8.94761987683253,15.06638125993179
MEX,2010,5.734997705659068,3.1381258981785964,8.873123603837664,15.408649073651631
MEX,2011,5.741605284577542,3.039153567461043,8.780758852038584,15.435252926061187
MEX,2012,5.690399362666093,3.1511152763456565,8.841514639011748,15.400795938321908
MEX,2013,5.589388037154481,3.1964661092838544,8.785854146438336,15.768171747814053
MEX,2014,5.446040875388877,3.1898361722905086,8.635877047679386,16.046004916274427
MEX,2015,5.394785969224689,3.1989859262511686,8.593771895475857,16.101470790119006
MEX,2016,5.3414027608785,3.1339049284771194,8.47530768935562,16.405703306869558
MEX,2017,5.4394892330068645,3.2186388072796897,8.658128040286554,16.73089317256081
MEX,2018,5.368282882813056,3.214516061809197,8.582798944622253,16.80511529767707
MEX,2019,5.172443545651757,3.145449692745938,8.317893238397694,16.732005523902924
MEX,2020,5.071006572888109,3.4064706382647754,8.477477211152884,16.86672480532534
MEX,2021,5.239976401050226,3.5915952560247866,8.831571657075013,16.90922649311911
NIC,1998,4.345468776846567,1.3201987998192728,5.6656675766658395,11.85652558497674
NIC,1999,4.233980266724492,1.2807038727292441,5.5146841394537365,11.379715237597704
NIC,2000,4.26210440397353,1.2902567078839469,5.552361111857477,10.976825057335786
NIC,2001,4.268110696877095,1.3003458045911398,5.568456501468234,10.89530761656779
NIC,2002,4.258544831615101,1.6097669732486306,5.8683118048637315,11.60003047945882
NIC,2003,4.205840811493301,1.9877437558233073,6.193584567316608,12.297453163873492
NIC,2004,4.191577367135035,2.1511896603091087,6.342767027444143,11.978349140376864
NIC,2005,4.125664940668387,1.8822547023512262,6.007919643019614,13.507115951903888
NIC,2006,4.366553018224631,1.9842527410532513,6.350805759277883,12.871201157742401
NIC,2007,4.205321662753679,1.9182660527455497,6.123587715499228,13.4588243562566
NIC,2008,4.2607471798678755,1.9607558445877116,6.221503024455587,12.768471660511596
NIC,2009,4.28310844973244,2.016084352999126,6.299192802731566,12.1675048395522
NIC,2010,4.284842381932707,2.0279217021368874,6.312764084069594,12.065883398906823
NIC,2011,4.290029056596724,2.035395270060411,6.325424326657135,11.955862121691927
NIC,2012,4.287254028477138,2.0483584101655437,6.3356124386426815,11.852849215327067
NIC,2013,4.28671745719002,2.0512966645566144,6.338014121746635,11.7479579644982
NIC,2014,4.283965390678778,2.0544309947204984,6.338396385399276,11.631373454497743
NIC,2015,4.278908685409262,2.0602553770454417,6.339164062454704,11.492817399807896
NIC,2016,4.273813019553889,2.0649603357287853,6.338773355282674,11.354803533623572
NIC,2017,4.258998299692307,2.065787900055994,6.324786199748301,11.183372461013432
NIC,2018,4.255957749381622,2.113779980698321,6.369737730079943,11.023962516389345
NIC,2019,4.253755158583376,2.1632324463108423,6.416987604894218,10.866714535419252
NIC,2020,4.404331789683722,2.187900368257228,6.59223215794095,10.79340254742064
NIC,2021,4.403522031300626,2.1252523522157674,6.528774383516393,10.618222998093513
PAN,1998,6.32872914100566,3.0043804547027952,9.333109595708455,9.620659299724663
PAN,1999,5.945754213828503,2.873791199046582,8.819545412875085,9.556456691361747
PAN,2000,6.679544285238142,3.0528101496025752,9.732354434840717,9.035417052815134
PAN,2001,6.577980540191368,3.294682869716177,9.872663409907545,8.778553837458114
PAN,2002,6.5859798803105045,3.275506147944243,9.861486028254747,8.964402842253072
PAN,2003,6.687783572329982,3.1158505814783513,9.803634153808334,8.73603180819803
PAN,2004,6.633226862490474,3.397461503199284,10.030688365689759,8.663567367743019
PAN,2005,6.179937649842259,3.583090155287321,9.76302780512958,8.593263113506117
PAN,2006,5.877939075820787,3.574151437511337,9.452090513332124,8.507235738255034
PAN,2007,5.872271711628938,3.5928094295257935,9.46508114115473,8.507287470831892
PAN,2008,5.788603266897235,3.5693707055526755,9.35797397244991,8.457050604750062
PAN,2009,5.939861125891243,3.7023119080557625,9.642173033947005,8.51269022028307
PAN,2010,6.38938267357328,4.03138559168148,10.420768265254761,8.102719957184089
PAN,2011,6.1028563076163165,3.341683341481732,9.444539649098049,6.8260056551564245
PAN,2012,6.029863738124409,3.2404153140342875,9.270279052158697,6.726525307267399
PAN,2013,6.018602628499384,3.1112426110583384,9.129845239557723,7.5542682402827035
PAN,2014,6.0852312784236195,3.60582042821787,9.69105170664149,7.225763686331948
PAN,2015,6.237314680696674,4.115132920115187,10.35244760081186,7.539046660780548
PAN,2016,6.363627462925573,4.140140900229756,10.503768363155329,7.1818104678688295
PAN,2017,6.1419032304116055,3.9869846169593237,10.12888784737093,7.207429973629841
PAN,2018,6.17018490993246,4.556747556739855,10.726932466672315,7.4547223527176865
PAN,2019,6.20936109556589,4.275256663462818,10.484617759028708,7.3931625004078
PAN,2020,6.119711537924587,4.667516967864645,10.787228505789233,7.433974149205523
PAN,2021,6.061196131787534,4.684341087152828,10.745537218940362,7.41890980220396
PER,1998,5.102847017584921,1.5830085572132084,6.685855574798129,11.437210337230391
PER,1999,5.081695083893575,1.591836853744389,6.673531937637963,11.330203673959057
PER,2000,5.078936944406062,1.6096172447146608,6.688554189120723,11.259444521210446
PER,2001,5.054370056018678,1.62027033958172,6.674640395600398,11.129937731642213
PER,2002,5.107604447480942,1.6605855244043888,6.768189971885331,11.121411345263324
PER,2003,5.160151827452551,1.6983455488470636,6.858497376299614,11.057323032506543
PER,2004,5.221775870389292,1.7433154246018878,6.96509129499118,11.024036508266123
PER,2005,5.312176454919504,1.7981967591791055,7.110373214098609,10.992029782898488
PER,2006,5.413631801090248,1.8630210191944958,7.276652820284744,11.00127447654172
PER,2007,5.513792514583718,1.9308004700741994,7.444592984657918,10.991753491958113
PER,2008,5.2810020691579895,2.0917730081747483,7.372775077332738,10.821575405380024
PER,2009,5.404220643249265,2.218633568248397,7.622854211497662,10.369126895100235
PER,2010,5.166460732189977,1.9720708048041535,7.1385315369941305,10.264522708030732
PER,2011,5.606374501589087,2.0687584870027886,7.675132988591876,9.828823135191909
PER,2012,5.572560658278351,2.088030908066664,7.6605915663450155,10.169476936955908
PER,2013,5.216787962268105,2.355267098605689,7.572055060873794,9.889143667878223
PER,2014,5.044305348803019,2.450960704463344,7.495266053266363,9.240680064539488
PER,2015,5.029364180049309,2.3069401471382824,7.336304327187591,9.114804589081917
PER,2016,5.159607607903257,2.2981162630575205,7.457723870960777,9.241778693550952
PER,2017,5.001680098628557,2.174571368883161,7.176251467511719,9.092805588166927
PER,2018,4.735201138623528,2.48886088765869,7.224062026282217,8.78511854039395
PER,2019,5.004031726524354,2.5721419187768615,7.576173645301216,8.61817922211021
PER,2020,4.359719979423294,2.3527307743988817,6.712450753822175,8.262163492039049
PER,2021,4.3262136715377775,2.572228733130339,6.898442404668117,8.369478759261517
PRY,1998,5.60683871971859,2.134785684749344,7.7416244044679345,12.061956188370983
PRY,1999,5.5032568739928065,2.1365915949729732,7.63984846896578,11.775554310574423
PRY,2000,4.971675270109552,1.961584977961273,6.933260248070825,10.635414335607189
PRY,2001,4.874513515438843,1.964789445653538,6.839302961092381,10.441433098347538
PRY,2002,4.834275522011837,1.9880058275659596,6.822281349577796,10.347270846692266
PRY,2003,5.2564311496509974,2.203479137575265,7.459910287226263,10.898044725252849
PRY,2004,4.980914298690897,2.1276819608009903,7.108596259491888,11.412315592932481
PRY,2005,5.205274013795864,2.2587883832762565,7.464062397072121,9.736709952339847
PRY,2006,5.158356512853442,2.277186633248759,7.4355431461022015,10.51808487695633
PRY,2007,5.069719364909314,2.2835393667506425,7.353258731659957,12.15447902978766
PRY,2008,5.314047331279972,2.439219527726877,7.753266859006849,12.362527129062862
PRY,2009,4.880219746749406,2.266038162322121,7.146257909071527,11.185835728564353
PRY,2010,5.1489120868316105,2.433345883564234,7.582257970395844,11.23061808688117
PRY,2011,5.1653437061868175,2.475148371862581,7.640492078049398,10.65505381835247
PRY,2012,5.190796177456922,2.5169403884253003,7.707736565882222,10.64463725883481
PRY,2013,5.753648791417097,2.843419712096553,8.59706850351365,10.101293724991775
PRY,2014,5.382336356072141,2.7040440534945787,8.08638040956672,11.395241620119428
PRY,2015,5.776732725807237,2.9512200718819828,8.72795279768922,12.421441827511924
PRY,2016,5.491130102162001,2.858697814866399,8.3498279170284,11.160470555188754
PRY,2017,5.446513914945054,2.8875873698994843,8.33410128484454,11.164916297769668
PRY,2018,5.697406042008138,3.0689845676911234,8.766390609699261,11.026874315966968
PRY,2019,5.88010926477444,3.217711475755112,9.097820740529553,10.43287241269927
PRY,2020,5.818638154459581,3.3306764660896717,9.149314620549253,10.399195951540852
PRY,2021,5.74836432256457,3.267876724370171,9.016241046934741,10.672281449084362
SLV,1998,2.7974650740923974,1.6341790939288998,4.431644168021297,19.126440031097605
SLV,1999,3.096385819510364,1.8351597708023375,4.931545590312702,19.221118806676365
SLV,2000,2.837421127596827,1.8290315844646532,4.66645271206148,19.132820496290595
SLV,2001,3.3975165835001646,1.8591074790091733,5.256624062509338,18.047255505423255
SLV,2002,3.7096028456719607,1.8204721228479328,5.5300749685198936,18.50340003687736
SLV,2003,3.172574720479094,2.0527733301750586,5.225348050654153,18.22927449780262
SLV,2004,3.2545898975185783,1.958016460765509,5.212606358284088,17.18732420948512
SLV,2005,3.551338914895215,1.9222935531367271,5.473632468031942,16.59052894363745
SLV,2006,3.302111106000928,2.061363576489248,5.3634746824901764,16.171869453373624
SLV,2007,3.502469198042177,2.0609309961619475,5.5634001942041245,17.10841894608096
SLV,2008,3.1293112763786644,2.1124630415527297,5.2417743179313945,17.488826213167947
SLV,2009,3.150930077167514,2.167130911887588,5.318060989055102,15.657735814124079
SLV,2010,3.179084994017622,2.1930138079750288,5.372098801992651,15.4548309191077
SLV,2011,3.0114035289950603,2.0663840061366536,5.077787535131714,15.48360729607887
SLV,2012,3.145562516564002,2.2704132624377085,5.415975779001711,15.40905095748583
SLV,2013,3.228025618858694,2.151711504452291,5.379737123310985,14.642957783248894
SLV,2014,3.067718561712276,2.44297471152197,5.510693273234246,14.930564781645622
SLV,2015,2.913014648260896,2.2050354652681494,5.118050113529046,16.032632065424878
SLV,2016,2.685805233448995,1.9250472038514388,4.610852437300434,15.156479531816878
SLV,2017,2.693767187113407,1.8204031957656226,4.51417038287903,15.53272528664693
SLV,2018,3.105624781828764,2.149091723585009,5.254716505413773,15.022650718455225
SLV,2019,3.13184572093748,2.0717042006947692,5.203549921632249,14.845074747252545
SLV,2020,2.866200193196906,1.9908933045349364,4.857093497731842,16.110975482160917
SLV,2021,2.5331814258798717,2.3903294066833687,4.92351083256324,15.054405099939183
URY,1998,5.736691213671371,6.463189848250398,12.199881061921769,13.827513158634405
URY,1999,5.719680564103734,6.49433540769108,12.214015971794815,13.766820913781185
URY,2000,5.784255293590402,6.61843181282659,12.402687106416991,13.484583173551531
URY,2001,5.18427707870713,6.745312114483099,11.929589193190228,13.177892918825561
URY,2002,5.833543700325922,7.298260733942299,13.131804434268222,12.256784938473684
URY,2003,5.776675971292301,7.321455295503196,13.098131266795498,12.3520531990344
URY,2004,5.8728043815544515,7.4239234169212,13.29672779847565,12.581924622018406
URY,2005,5.839711711492631,7.165796289090998,13.005508000583628,12.919331501386118
URY,2006,5.832314065890709,7.20601158557363,13.038325651464339,12.777632310479028
URY,2007,5.957556868704999,7.102744806868535,13.060301675573534,12.968651154093665
URY,2008,5.973138344326799,7.72282600724542,13.695964351572218,12.401148813785765
URY,2009,5.735767219614798,7.404344545801939,13.140111765416737,12.182626389310759
URY,2010,5.73407936505874,7.379126098159653,13.113205463218392,12.102853103563879
URY,2011,6.109708048800397,7.514909743940609,13.624617792741006,11.333835569405473
URY,2012,6.248787284905944,8.054877202588884,14.303664487494828,11.041248953689825
URY,2013,6.10722203839037,7.995157722497063,14.102379760887434,11.099125413857129
URY,2014,6.420273914626824,8.144051239653152,14.564325154279976,10.729717227192646
URY,2015,6.422666997615663,8.239125692924462,14.661792690540125,10.281231431128761
URY,2016,6.364421926747326,8.723078026084584,15.08749995283191,10.4582348568417
URY,2017,6.470396052218293,8.660307360841829,15.130703413060122,9.942995828440022
URY,2018,6.634356591509243,8.90386959171237,15.538226183221614,9.651508226691043
URY,2019,6.648259623403107,9.001082380012853,15.64934200341596,9.491115756051038
URY,2020,7.368023864848074,9.539505210549915,16.90752907539799,9.544330724651473
URY,2021,6.952832219994977,9.249637289230437,16.202469509225413,9.741539739258378
VEN,1998,6.454289443861978,3.0514741448173064,9.505763588679283,14.385741826376062
VEN,1999,6.396754156678434,3.0692514779565605,9.466005634634994,14.075718151195924
VEN,2000,6.41645089309268,3.1080487341071623,9.524499627199843,13.613357403883004
VEN,2001,6.613999712002366,3.2318545274655044,9.84585423946787,12.934499132763884
VEN,2002,6.633073416779158,3.301315055532999,9.934388472312158,12.056579348958607
VEN,2003,6.845859091831065,3.4689310627640153,10.31479015459508,11.931071582901943
VEN,2004,6.874817755879029,3.473893943862184,10.348711699741212,11.71506628715709
VEN,2005,6.847009283892958,3.4667315411750397,10.313740825067997,11.619079740354525
VEN,2006,7.060373762338007,3.1011650458954327,10.16153880823344,12.082185913646839
VEN,2007,6.98460062343181,3.1725756004980994,10.157176223929909,12.297006382821115
VEN,2008,7.034433153181167,3.2457395214843436,10.280172674665511,11.961416715127209
VEN,2009,7.540983551579144,3.2347845567417868,10.77576810832093,11.914876420531717
VEN,2010,7.650745520690934,3.376615528538521,11.027361049229455,11.506437741731446
VEN,2011,7.728266380395046,3.423411736452216,11.151678116847261,11.342678213320252
VEN,2012,7.861357500260501,3.849706515688244,11.711064015948745,11.067794734108526
VEN,2013,7.805853148022957,3.832977813223822,11.638830961246779,11.318039028941076
VEN,2014,8.03057335624884,3.9794878511599374,12.010061207408778,11.425044883303409
