iso3,country,year,e_pt_coup,coup,e_pt_coup_attempts,v2x_regime_l1,prior_regime,multiparty_l1,dem_l1,v2x_polyarchy_l1,k_l1,k_available_l1,k_extended_l1,tax_any_l1,tax_available_l1,tax_source_l1,controls_available,h4_column1_eligible,h4_column2_eligible,h4_column3_eligible,actor_classification
SLV,El Salvador,1960,1.0,1.0,1.0,,unavailable,,,,,False,,,False,,False,False,False,False,unclassified: no event-actor attribution in archived panel
ECU,Ecuador,1961,1.0,1.0,1.0,1.0,electoral autocracy,1.0,0.0,0.359,11.5100843317984,True,0.0,9.639321327209473,True,Andersson-Brambor,True,True,True,True,unclassified: no event-actor attribution in archived panel
SLV,El Salvador,1961,1.0,1.0,1.0,1.0,electoral autocracy,1.0,0.0,0.177,,False,0.0,,False,unavailable,False,False,False,False,unclassified: no event-actor attribution in archived panel
ARG,Argentina,1962,1.0,1.0,3.0,1.0,electoral autocracy,1.0,0.0,0.494,11.27889058981344,True,0.0,14.02511643357512,True,Andersson-Brambor,True,True,True,True,unclassified: no event-actor attribution in archived panel
PER,Peru,1962,1.0,1.0,1.0,1.0,electoral autocracy,1.0,0.0,0.357,10.429882930840256,True,0.0,17.21279907226563,True,Andersson-Brambor,True,True,True,True,unclassified: no event-actor attribution in archived panel
DOM,Dominican Republic,1963,1.0,1.0,1.0,1.0,electoral autocracy,1.0,0.0,0.169,10.58685379509927,True,0.0,,False,unavailable,True,True,False,False,unclassified: no event-actor attribution in archived panel
ECU,Ecuador,1963,1.0,1.0,1.0,1.0,electoral autocracy,1.0,0.0,0.365,11.57109149127444,True,0.0,10.0782413482666,True,Andersson-Brambor,True,True,True,True,unclassified: no event-actor attribution in archived panel
GTM,Guatemala,1963,1.0,1.0,1.0,0.0,closed autocracy,0.0,0.0,0.156,10.31339172461431,True,0.0,,False,unavailable,True,False,False,False,unclassified: no event-actor attribution in archived panel
HND,Honduras,1963,1.0,1.0,1.0,0.0,closed autocracy,0.0,0.0,0.181,,False,0.0,,False,unavailable,True,False,False,False,unclassified: no event-actor attribution in archived panel
PER,Peru,1963,1.0,1.0,1.0,1.0,electoral autocracy,1.0,0.0,0.278,10.464509627957655,True,0.0,16.76289939880371,True,Andersson-Brambor,True,True,True,True,unclassified: no event-actor attribution in archived panel
BOL,Bolivia,1964,1.0,1.0,1.0,1.0,electoral autocracy,1.0,0.0,0.255,9.995625868536122,True,0.0,7.777196884155273,True,Andersson-Brambor,True,True,True,True,unclassified: no event-actor attribution in archived panel
BRA,Brazil,1964,2.0,1.0,2.0,1.0,electoral autocracy,1.0,0.0,0.405,10.642255266114477,True,0.0,6.547085285186768,True,Andersson-Brambor,True,True,True,True,unclassified: no event-actor attribution in archived panel
DOM,Dominican Republic,1965,1.0,1.0,2.0,0.0,closed autocracy,0.0,0.0,0.154,10.600336700427338,True,0.0,,False,unavailable,True,False,False,False,unclassified: no event-actor attribution in archived panel
ARG,Argentina,1966,1.0,1.0,1.0,2.0,electoral democracy,1.0,1.0,0.527,11.40401467821288,True,0.0,10.72032863118482,True,Andersson-Brambor,True,True,True,True,unclassified: no event-actor attribution in archived panel
ECU,Ecuador,1966,1.0,1.0,1.0,0.0,closed autocracy,0.0,0.0,0.136,11.641852622150104,True,0.0,9.65217399597168,True,Andersson-Brambor,True,False,False,False,unclassified: no event-actor attribution in archived panel
PAN,Panama,1968,1.0,1.0,1.0,1.0,electoral autocracy,1.0,0.0,0.323,,False,0.0,,False,unavailable,True,False,False,False,unclassified: no event-actor attribution in archived panel
PER,Peru,1968,1.0,1.0,1.0,1.0,electoral autocracy,1.0,0.0,0.406,10.619775810687768,True,0.0,15.29640007019043,True,Andersson-Brambor,True,True,True,True,unclassified: no event-actor attribution in archived panel
BOL,Bolivia,1969,1.0,1.0,1.0,1.0,electoral autocracy,1.0,0.0,0.183,10.128085319523185,True,0.0,8.457613945007324,True,Andersson-Brambor,True,True,True,True,unclassified: no event-actor attribution in archived panel
BRA,Brazil,1969,1.0,1.0,1.0,0.0,closed autocracy,0.0,0.0,0.18,10.781790837259702,True,0.0,9.010416984558104,True,Andersson-Brambor,True,False,False,False,unclassified: no event-actor attribution in archived panel
ARG,Argentina,1970,1.0,1.0,1.0,0.0,closed autocracy,0.0,0.0,0.108,11.531894067975598,True,0.0,12.84961704766495,True,Andersson-Brambor,True,False,False,False,unclassified: no event-actor attribution in archived panel
BOL,Bolivia,1970,1.0,1.0,1.0,1.0,electoral autocracy,1.0,0.0,0.166,10.142470738892959,True,0.0,8.161897659301758,True,Andersson-Brambor,True,True,True,True,unclassified: no event-actor attribution in archived panel
ARG,Argentina,1971,1.0,1.0,2.0,0.0,closed autocracy,0.0,0.0,0.109,11.573600954660938,True,0.0,13.09128880519371,True,Andersson-Brambor,True,False,False,False,unclassified: no event-actor attribution in archived panel
BOL,Bolivia,1971,1.0,1.0,2.0,0.0,closed autocracy,0.0,0.0,0.108,10.15391114476372,True,0.0,9.146321296691896,True,Andersson-Brambor,True,False,False,False,unclassified: no event-actor attribution in archived panel
ECU,Ecuador,1972,1.0,1.0,1.0,1.0,electoral autocracy,1.0,0.0,0.206,11.784606885545356,True,0.0,12.72722721099854,True,Andersson-Brambor,True,True,True,True,unclassified: no event-actor attribution in archived panel
HND,Honduras,1972,1.0,1.0,1.0,1.0,electoral autocracy,1.0,0.0,0.239,10.53500877191782,True,0.0,,False,unavailable,True,True,False,False,unclassified: no event-actor attribution in archived panel
CHL,Chile,1973,1.0,1.0,2.0,2.0,electoral democracy,1.0,1.0,0.688,11.34874162562662,True,0.0,10.04178260213377,True,Andersson-Brambor,True,True,True,True,unclassified: no event-actor attribution in archived panel
URY,Uruguay,1973,1.0,1.0,1.0,1.0,electoral autocracy,1.0,0.0,0.489,11.31361393813009,True,0.0,13.77500583449224,True,Andersson-Brambor,True,True,True,True,unclassified: no event-actor attribution in archived panel
HND,Honduras,1975,1.0,1.0,1.0,0.0,closed autocracy,0.0,0.0,0.14,10.585209859582116,True,0.0,9.25583266291231,True,WDI,True,False,False,False,unclassified: no event-actor attribution in archived panel
PER,Peru,1975,1.0,1.0,1.0,0.0,closed autocracy,0.0,0.0,0.091,10.669325901685346,True,0.0,13.2185001373291,True,Andersson-Brambor,True,False,False,False,unclassified: no event-actor attribution in archived panel
ARG,Argentina,1976,1.0,1.0,1.0,2.0,electoral democracy,1.0,1.0,0.509,11.72834716892834,True,0.0,9.612008872903138,True,Andersson-Brambor,True,True,True,True,unclassified: no event-actor attribution in archived panel
ECU,Ecuador,1976,1.0,1.0,1.0,0.0,closed autocracy,0.0,0.0,0.146,11.83143272278096,True,0.0,11.50918865203857,True,Andersson-Brambor,True,False,False,False,unclassified: no event-actor attribution in archived panel
URY,Uruguay,1976,1.0,1.0,1.0,0.0,closed autocracy,0.0,0.0,0.097,11.378638863998072,True,0.0,12.90193091258042,True,Andersson-Brambor,True,False,False,False,unclassified: no event-actor attribution in archived panel
BOL,Bolivia,1978,2.0,1.0,2.0,0.0,closed autocracy,0.0,0.0,0.088,10.245276209061215,True,0.0,11.71603775024414,True,Andersson-Brambor,True,False,False,False,unclassified: no event-actor attribution in archived panel
HND,Honduras,1978,1.0,1.0,1.0,0.0,closed autocracy,0.0,0.0,0.139,10.671144346168376,True,0.0,11.5010259378124,True,WDI,True,False,False,False,unclassified: no event-actor attribution in archived panel
BOL,Bolivia,1979,1.0,1.0,2.0,1.0,electoral autocracy,1.0,0.0,0.107,10.26965046370572,True,0.0,11.35651588439941,True,Andersson-Brambor,True,True,True,True,unclassified: no event-actor attribution in archived panel
SLV,El Salvador,1979,1.0,1.0,1.0,1.0,electoral autocracy,1.0,0.0,0.171,10.453151795520522,True,0.0,,False,unavailable,True,True,False,False,unclassified: no event-actor attribution in archived panel
BOL,Bolivia,1980,1.0,1.0,1.0,1.0,electoral autocracy,1.0,0.0,0.141,10.280571237043882,True,0.0,9.29478931427002,True,Andersson-Brambor,True,True,True,True,unclassified: no event-actor attribution in archived panel
BOL,Bolivia,1981,1.0,1.0,4.0,1.0,electoral autocracy,1.0,0.0,0.126,10.26882784778127,True,0.0,9.595361709594728,True,Andersson-Brambor,True,True,True,True,unclassified: no event-actor attribution in archived panel
GTM,Guatemala,1982,1.0,1.0,1.0,1.0,electoral autocracy,1.0,0.0,0.163,10.774337662024003,True,0.0,,False,unavailable,True,True,False,False,unclassified: no event-actor attribution in archived panel
GTM,Guatemala,1983,1.0,1.0,1.0,1.0,electoral autocracy,1.0,0.0,0.109,10.833630549008012,True,0.0,,False,unavailable,True,True,False,False,unclassified: no event-actor attribution in archived panel
PRY,Paraguay,1989,1.0,1.0,1.0,1.0,electoral autocracy,1.0,0.0,0.167,11.028055876006992,True,0.0,10.5203161239624,True,Andersson-Brambor,True,True,True,True,unclassified: no event-actor attribution in archived panel
HND,Honduras,2009,1.0,1.0,1.0,2.0,electoral democracy,1.0,1.0,0.519,10.903987940446545,True,0.0,16.1305,True,CEPALSTAT,True,True,True,True,unclassified: no event-actor attribution in archived panel
