specification,iso3,year
commodity_repression,ARG,1990
commodity_repression,ARG,1991
commodity_repression,ARG,1992
commodity_repression,ARG,1993
commodity_repression,ARG,1994
commodity_repression,ARG,1995
commodity_repression,ARG,1996
commodity_repression,ARG,1997
commodity_repression,ARG,1998
commodity_repression,ARG,1999
commodity_repression,ARG,2000
commodity_repression,ARG,2001
commodity_repression,ARG,2002
commodity_repression,ARG,2003
commodity_repression,ARG,2004
commodity_repression,ARG,2005
commodity_repression,ARG,2006
commodity_repression,ARG,2007
commodity_repression,ARG,2008
commodity_repression,ARG,2009
commodity_repression,ARG,2010
commodity_repression,ARG,2011
commodity_repression,ARG,2012
commodity_repression,ARG,2013
commodity_repression,ARG,2014
commodity_repression,ARG,2015
commodity_repression,ARG,2016
commodity_repression,ARG,2017
commodity_repression,ARG,2018
commodity_repression,ARG,2019
commodity_repression,ARG,2020
commodity_repression,ARG,2021
commodity_repression,BOL,1990
commodity_repression,BOL,1991
commodity_repression,BOL,1992
commodity_repression,BOL,1993
commodity_repression,BOL,1994
commodity_repression,BOL,1995
commodity_repression,BOL,1996
commodity_repression,BOL,1997
commodity_repression,BOL,1998
commodity_repression,BOL,1999
commodity_repression,BOL,2000
commodity_repression,BOL,2001
commodity_repression,BOL,2002
commodity_repression,BOL,2003
commodity_repression,BOL,2004
commodity_repression,BOL,2005
commodity_repression,BOL,2006
commodity_repression,BOL,2007
commodity_repression,BOL,2008
commodity_repression,BOL,2009
commodity_repression,BOL,2010
commodity_repression,BOL,2011
commodity_repression,BOL,2012
commodity_repression,BOL,2013
commodity_repression,BOL,2014
commodity_repression,BOL,2015
commodity_repression,BOL,2016
commodity_repression,BOL,2017
commodity_repression,BOL,2018
commodity_repression,BOL,2019
commodity_repression,BOL,2020
commodity_repression,BOL,2021
commodity_repression,BRA,1990
commodity_repression,BRA,1991
commodity_repression,BRA,1992
commodity_repression,BRA,1993
commodity_repression,BRA,1994
commodity_repression,BRA,1995
commodity_repression,BRA,1996
commodity_repression,BRA,1997
commodity_repression,BRA,1998
commodity_repression,BRA,1999
commodity_repression,BRA,2000
commodity_repression,BRA,2001
commodity_repression,BRA,2002
commodity_repression,BRA,2003
commodity_repression,BRA,2004
commodity_repression,BRA,2005
commodity_repression,BRA,2006
commodity_repression,BRA,2007
commodity_repression,BRA,2008
commodity_repression,BRA,2009
commodity_repression,BRA,2010
commodity_repression,BRA,2011
commodity_repression,BRA,2012
commodity_repression,BRA,2013
commodity_repression,BRA,2014
commodity_repression,BRA,2015
commodity_repression,BRA,2016
commodity_repression,BRA,2017
commodity_repression,BRA,2018
commodity_repression,BRA,2019
commodity_repression,BRA,2020
commodity_repression,BRA,2021
commodity_repression,CHL,1990
commodity_repression,CHL,1991
commodity_repression,CHL,1992
commodity_repression,CHL,1993
commodity_repression,CHL,1994
commodity_repression,CHL,1995
commodity_repression,CHL,1996
commodity_repression,CHL,1997
commodity_repression,CHL,1998
commodity_repression,CHL,1999
commodity_repression,CHL,2000
commodity_repression,CHL,2001
commodity_repression,CHL,2002
commodity_repression,CHL,2003
commodity_repression,CHL,2004
commodity_repression,CHL,2005
commodity_repression,CHL,2006
commodity_repression,CHL,2007
commodity_repression,CHL,2008
commodity_repression,CHL,2009
commodity_repression,CHL,2010
commodity_repression,CHL,2011
commodity_repression,CHL,2012
commodity_repression,CHL,2013
commodity_repression,CHL,2014
commodity_repression,CHL,2015
commodity_repression,CHL,2016
commodity_repression,CHL,2017
commodity_repression,CHL,2018
commodity_repression,CHL,2019
commodity_repression,CHL,2020
commodity_repression,CHL,2021
commodity_repression,COL,1990
commodity_repression,COL,1991
commodity_repression,COL,1992
commodity_repression,COL,1993
commodity_repression,COL,1994
commodity_repression,COL,1995
commodity_repression,COL,1996
commodity_repression,COL,1997
commodity_repression,COL,1998
commodity_repression,COL,1999
commodity_repression,COL,2000
commodity_repression,COL,2001
commodity_repression,COL,2002
commodity_repression,COL,2003
commodity_repression,COL,2004
commodity_repression,COL,2005
commodity_repression,COL,2006
commodity_repression,COL,2007
commodity_repression,COL,2008
commodity_repression,COL,2009
commodity_repression,COL,2010
commodity_repression,COL,2011
commodity_repression,COL,2012
commodity_repression,COL,2013
commodity_repression,COL,2014
commodity_repression,COL,2015
commodity_repression,COL,2016
commodity_repression,COL,2017
commodity_repression,COL,2018
commodity_repression,COL,2019
commodity_repression,COL,2020
commodity_repression,COL,2021
commodity_repression,CRI,1990
commodity_repression,CRI,1991
commodity_repression,CRI,1992
commodity_repression,CRI,1993
commodity_repression,CRI,1994
commodity_repression,CRI,1995
commodity_repression,CRI,1996
commodity_repression,CRI,1997
commodity_repression,CRI,1998
commodity_repression,CRI,1999
commodity_repression,CRI,2000
commodity_repression,CRI,2001
commodity_repression,CRI,2002
commodity_repression,CRI,2003
commodity_repression,CRI,2004
commodity_repression,CRI,2005
commodity_repression,CRI,2006
commodity_repression,CRI,2007
commodity_repression,CRI,2008
commodity_repression,CRI,2009
commodity_repression,CRI,2010
commodity_repression,CRI,2011
commodity_repression,CRI,2012
commodity_repression,CRI,2013
commodity_repression,CRI,2014
commodity_repression,CRI,2015
commodity_repression,CRI,2016
commodity_repression,CRI,2017
commodity_repression,CRI,2018
commodity_repression,CRI,2019
commodity_repression,CRI,2020
commodity_repression,CRI,2021
commodity_repression,DOM,1990
commodity_repression,DOM,1991
commodity_repression,DOM,1992
commodity_repression,DOM,1993
commodity_repression,DOM,1994
commodity_repression,DOM,1995
commodity_repression,DOM,1996
commodity_repression,DOM,1997
commodity_repression,DOM,1998
commodity_repression,DOM,1999
commodity_repression,DOM,2000
commodity_repression,DOM,2001
commodity_repression,DOM,2002
commodity_repression,DOM,2003
commodity_repression,DOM,2004
commodity_repression,DOM,2005
commodity_repression,DOM,2006
commodity_repression,DOM,2007
commodity_repression,DOM,2008
commodity_repression,DOM,2009
commodity_repression,DOM,2010
commodity_repression,DOM,2011
commodity_repression,DOM,2012
commodity_repression,DOM,2013
commodity_repression,DOM,2014
commodity_repression,DOM,2015
commodity_repression,DOM,2016
commodity_repression,DOM,2017
commodity_repression,DOM,2018
commodity_repression,DOM,2019
commodity_repression,DOM,2020
commodity_repression,DOM,2021
commodity_repression,ECU,1990
commodity_repression,ECU,1991
commodity_repression,ECU,1992
commodity_repression,ECU,1993
commodity_repression,ECU,1994
commodity_repression,ECU,1995
commodity_repression,ECU,1996
commodity_repression,ECU,1997
commodity_repression,ECU,1998
commodity_repression,ECU,1999
commodity_repression,ECU,2000
commodity_repression,ECU,2001
commodity_repression,ECU,2002
commodity_repression,ECU,2003
commodity_repression,ECU,2004
commodity_repression,ECU,2005
commodity_repression,ECU,2006
commodity_repression,ECU,2007
commodity_repression,ECU,2008
commodity_repression,ECU,2009
commodity_repression,ECU,2010
commodity_repression,ECU,2011
commodity_repression,ECU,2012
commodity_repression,ECU,2013
commodity_repression,ECU,2014
commodity_repression,ECU,2015
commodity_repression,ECU,2016
commodity_repression,ECU,2017
commodity_repression,ECU,2018
commodity_repression,ECU,2019
commodity_repression,ECU,2020
commodity_repression,ECU,2021
commodity_repression,GTM,1990
commodity_repression,GTM,1991
commodity_repression,GTM,1992
commodity_repression,GTM,1993
commodity_repression,GTM,1994
commodity_repression,GTM,1995
commodity_repression,GTM,1996
commodity_repression,GTM,1997
commodity_repression,GTM,1998
commodity_repression,GTM,1999
commodity_repression,GTM,2000
commodity_repression,GTM,2001
commodity_repression,GTM,2002
commodity_repression,GTM,2003
commodity_repression,GTM,2004
commodity_repression,GTM,2005
commodity_repression,GTM,2006
commodity_repression,GTM,2007
commodity_repression,GTM,2008
commodity_repression,GTM,2009
commodity_repression,GTM,2010
commodity_repression,GTM,2011
commodity_repression,GTM,2012
commodity_repression,GTM,2013
commodity_repression,GTM,2014
commodity_repression,GTM,2015
commodity_repression,GTM,2016
commodity_repression,GTM,2017
commodity_repression,GTM,2018
commodity_repression,GTM,2019
commodity_repression,GTM,2020
commodity_repression,GTM,2021
commodity_repression,HND,1990
commodity_repression,HND,1991
commodity_repression,HND,1992
commodity_repression,HND,1993
commodity_repression,HND,1994
commodity_repression,HND,1995
commodity_repression,HND,1996
commodity_repression,HND,1997
commodity_repression,HND,1998
commodity_repression,HND,1999
commodity_repression,HND,2000
commodity_repression,HND,2001
commodity_repression,HND,2002
commodity_repression,HND,2003
commodity_repression,HND,2004
commodity_repression,HND,2005
commodity_repression,HND,2006
commodity_repression,HND,2007
commodity_repression,HND,2008
commodity_repression,HND,2009
commodity_repression,HND,2010
commodity_repression,HND,2011
commodity_repression,HND,2012
commodity_repression,HND,2013
commodity_repression,HND,2014
commodity_repression,HND,2015
commodity_repression,HND,2016
commodity_repression,HND,2017
commodity_repression,HND,2018
commodity_repression,HND,2019
commodity_repression,HND,2020
commodity_repression,HND,2021
commodity_repression,MEX,1990
commodity_repression,MEX,1991
commodity_repression,MEX,1992
commodity_repression,MEX,1993
commodity_repression,MEX,1994
commodity_repression,MEX,1995
commodity_repression,MEX,1996
commodity_repression,MEX,1997
commodity_repression,MEX,1998
commodity_repression,MEX,1999
commodity_repression,MEX,2000
commodity_repression,MEX,2001
commodity_repression,MEX,2002
commodity_repression,MEX,2003
commodity_repression,MEX,2004
commodity_repression,MEX,2005
commodity_repression,MEX,2006
commodity_repression,MEX,2007
commodity_repression,MEX,2008
commodity_repression,MEX,2009
commodity_repression,MEX,2010
commodity_repression,MEX,2011
commodity_repression,MEX,2012
commodity_repression,MEX,2013
commodity_repression,MEX,2014
commodity_repression,MEX,2015
commodity_repression,MEX,2016
commodity_repression,MEX,2017
commodity_repression,MEX,2018
commodity_repression,MEX,2019
commodity_repression,MEX,2020
commodity_repression,MEX,2021
commodity_repression,NIC,1990
commodity_repression,NIC,1991
commodity_repression,NIC,1992
commodity_repression,NIC,1993
commodity_repression,NIC,1994
commodity_repression,NIC,1995
commodity_repression,NIC,1996
commodity_repression,NIC,1997
commodity_repression,NIC,1998
commodity_repression,NIC,1999
commodity_repression,NIC,2000
commodity_repression,NIC,2001
commodity_repression,NIC,2002
commodity_repression,NIC,2003
commodity_repression,NIC,2004
commodity_repression,NIC,2005
commodity_repression,NIC,2006
commodity_repression,NIC,2007
commodity_repression,NIC,2008
commodity_repression,NIC,2009
commodity_repression,NIC,2010
commodity_repression,NIC,2011
commodity_repression,NIC,2012
commodity_repression,NIC,2013
commodity_repression,NIC,2014
commodity_repression,NIC,2015
commodity_repression,NIC,2016
commodity_repression,NIC,2017
commodity_repression,NIC,2018
commodity_repression,NIC,2019
commodity_repression,NIC,2020
commodity_repression,NIC,2021
commodity_repression,PAN,1990
commodity_repression,PAN,1991
commodity_repression,PAN,1992
commodity_repression,PAN,1993
commodity_repression,PAN,1994
commodity_repression,PAN,1995
commodity_repression,PAN,1996
commodity_repression,PAN,1997
commodity_repression,PAN,1998
commodity_repression,PAN,1999
commodity_repression,PAN,2000
commodity_repression,PAN,2001
commodity_repression,PAN,2002
commodity_repression,PAN,2003
commodity_repression,PAN,2004
commodity_repression,PAN,2005
commodity_repression,PAN,2006
commodity_repression,PAN,2007
commodity_repression,PAN,2008
commodity_repression,PAN,2009
commodity_repression,PAN,2010
commodity_repression,PAN,2011
commodity_repression,PAN,2012
commodity_repression,PAN,2013
commodity_repression,PAN,2014
commodity_repression,PAN,2015
commodity_repression,PAN,2016
commodity_repression,PAN,2017
commodity_repression,PAN,2018
commodity_repression,PAN,2019
commodity_repression,PAN,2020
commodity_repression,PAN,2021
commodity_repression,PER,1990
commodity_repression,PER,1991
commodity_repression,PER,1992
commodity_repression,PER,1993
commodity_repression,PER,1994
commodity_repression,PER,1995
commodity_repression,PER,1996
commodity_repression,PER,1997
commodity_repression,PER,1998
commodity_repression,PER,1999
commodity_repression,PER,2000
commodity_repression,PER,2001
commodity_repression,PER,2002
commodity_repression,PER,2003
commodity_repression,PER,2004
commodity_repression,PER,2005
commodity_repression,PER,2006
commodity_repression,PER,2007
commodity_repression,PER,2008
commodity_repression,PER,2009
commodity_repression,PER,2010
commodity_repression,PER,2011
commodity_repression,PER,2012
commodity_repression,PER,2013
commodity_repression,PER,2014
commodity_repression,PER,2015
commodity_repression,PER,2016
commodity_repression,PER,2017
commodity_repression,PER,2018
commodity_repression,PER,2019
commodity_repression,PER,2020
commodity_repression,PER,2021
commodity_repression,PRY,1990
commodity_repression,PRY,1991
commodity_repression,PRY,1992
commodity_repression,PRY,1993
commodity_repression,PRY,1994
commodity_repression,PRY,1995
commodity_repression,PRY,1996
commodity_repression,PRY,1997
commodity_repression,PRY,1998
commodity_repression,PRY,1999
commodity_repression,PRY,2000
commodity_repression,PRY,2001
commodity_repression,PRY,2002
commodity_repression,PRY,2003
commodity_repression,PRY,2004
commodity_repression,PRY,2005
commodity_repression,PRY,2006
commodity_repression,PRY,2007
commodity_repression,PRY,2008
commodity_repression,PRY,2009
commodity_repression,PRY,2010
commodity_repression,PRY,2011
commodity_repression,PRY,2012
commodity_repression,PRY,2013
commodity_repression,PRY,2014
commodity_repression,PRY,2015
commodity_repression,PRY,2016
commodity_repression,PRY,2017
commodity_repression,PRY,2018
commodity_repression,PRY,2019
commodity_repression,PRY,2020
commodity_repression,PRY,2021
commodity_repression,SLV,1990
commodity_repression,SLV,1991
commodity_repression,SLV,1992
commodity_repression,SLV,1993
commodity_repression,SLV,1994
commodity_repression,SLV,1995
commodity_repression,SLV,1996
commodity_repression,SLV,1997
commodity_repression,SLV,1998
commodity_repression,SLV,1999
commodity_repression,SLV,2000
commodity_repression,SLV,2001
commodity_repression,SLV,2002
commodity_repression,SLV,2003
commodity_repression,SLV,2004
commodity_repression,SLV,2005
commodity_repression,SLV,2006
commodity_repression,SLV,2007
commodity_repression,SLV,2008
commodity_repression,SLV,2009
commodity_repression,SLV,2010
commodity_repression,SLV,2011
commodity_repression,SLV,2012
commodity_repression,SLV,2013
commodity_repression,SLV,2014
commodity_repression,SLV,2015
commodity_repression,SLV,2016
commodity_repression,SLV,2017
commodity_repression,SLV,2018
commodity_repression,SLV,2019
commodity_repression,SLV,2020
commodity_repression,SLV,2021
commodity_repression,URY,1990
commodity_repression,URY,1991
commodity_repression,URY,1992
commodity_repression,URY,1993
commodity_repression,URY,1994
commodity_repression,URY,1995
commodity_repression,URY,1996
commodity_repression,URY,1997
commodity_repression,URY,1998
commodity_repression,URY,1999
commodity_repression,URY,2000
commodity_repression,URY,2001
commodity_repression,URY,2002
commodity_repression,URY,2003
commodity_repression,URY,2004
commodity_repression,URY,2005
commodity_repression,URY,2006
commodity_repression,URY,2007
commodity_repression,URY,2008
commodity_repression,URY,2009
commodity_repression,URY,2010
commodity_repression,URY,2011
commodity_repression,URY,2012
commodity_repression,URY,2013
commodity_repression,URY,2014
commodity_repression,URY,2015
commodity_repression,URY,2016
commodity_repression,URY,2017
commodity_repression,URY,2018
commodity_repression,URY,2019
commodity_repression,URY,2020
commodity_repression,URY,2021
commodity_repression,VEN,1990
commodity_repression,VEN,1991
commodity_repression,VEN,1992
commodity_repression,VEN,1993
commodity_repression,VEN,1994
commodity_repression,VEN,1995
commodity_repression,VEN,1996
commodity_repression,VEN,1997
commodity_repression,VEN,1998
commodity_repression,VEN,1999
commodity_repression,VEN,2000
commodity_repression,VEN,2001
commodity_repression,VEN,2002
commodity_repression,VEN,2003
commodity_repression,VEN,2004
commodity_repression,VEN,2005
commodity_repression,VEN,2006
commodity_repression,VEN,2007
commodity_repression,VEN,2008
commodity_repression,VEN,2009
commodity_repression,VEN,2010
commodity_repression,VEN,2011
commodity_repression,VEN,2012
commodity_repression,VEN,2013
commodity_repression,VEN,2014
commodity_choice,ARG,1990
commodity_choice,ARG,1991
commodity_choice,ARG,1992
commodity_choice,ARG,1993
commodity_choice,ARG,1994
commodity_choice,ARG,1995
commodity_choice,ARG,1996
commodity_choice,ARG,1997
commodity_choice,ARG,1998
commodity_choice,ARG,1999
commodity_choice,ARG,2000
commodity_choice,ARG,2001
commodity_choice,ARG,2002
commodity_choice,ARG,2003
commodity_choice,ARG,2004
commodity_choice,ARG,2005
commodity_choice,ARG,2006
commodity_choice,ARG,2007
commodity_choice,ARG,2008
commodity_choice,ARG,2009
commodity_choice,ARG,2010
commodity_choice,ARG,2011
commodity_choice,ARG,2012
commodity_choice,ARG,2013
commodity_choice,ARG,2014
commodity_choice,ARG,2015
commodity_choice,ARG,2016
commodity_choice,ARG,2017
commodity_choice,ARG,2018
commodity_choice,ARG,2019
commodity_choice,ARG,2020
commodity_choice,ARG,2021
commodity_choice,BOL,1992
commodity_choice,BOL,1993
commodity_choice,BOL,1994
commodity_choice,BOL,1995
commodity_choice,BOL,1996
commodity_choice,BOL,1997
commodity_choice,BOL,1998
commodity_choice,BOL,1999
commodity_choice,BOL,2000
commodity_choice,BOL,2001
commodity_choice,BOL,2002
commodity_choice,BOL,2003
commodity_choice,BOL,2004
commodity_choice,BOL,2005
commodity_choice,BOL,2006
commodity_choice,BOL,2007
commodity_choice,BOL,2008
commodity_choice,BOL,2009
commodity_choice,BOL,2010
commodity_choice,BOL,2011
commodity_choice,BOL,2012
commodity_choice,BOL,2013
commodity_choice,BOL,2014
commodity_choice,BOL,2015
commodity_choice,BOL,2016
commodity_choice,BOL,2017
commodity_choice,BOL,2018
commodity_choice,BOL,2019
commodity_choice,BOL,2020
commodity_choice,BOL,2021
commodity_choice,BRA,1990
commodity_choice,BRA,1991
commodity_choice,BRA,1992
commodity_choice,BRA,1993
commodity_choice,BRA,1994
commodity_choice,BRA,1995
commodity_choice,BRA,1996
commodity_choice,BRA,1997
commodity_choice,BRA,1998
commodity_choice,BRA,1999
commodity_choice,BRA,2000
commodity_choice,BRA,2001
commodity_choice,BRA,2002
commodity_choice,BRA,2003
commodity_choice,BRA,2004
commodity_choice,BRA,2005
commodity_choice,BRA,2006
commodity_choice,BRA,2007
commodity_choice,BRA,2008
commodity_choice,BRA,2009
commodity_choice,BRA,2010
commodity_choice,BRA,2011
commodity_choice,BRA,2012
commodity_choice,BRA,2013
commodity_choice,BRA,2014
commodity_choice,BRA,2015
commodity_choice,BRA,2016
commodity_choice,BRA,2017
commodity_choice,BRA,2018
commodity_choice,BRA,2019
commodity_choice,BRA,2020
commodity_choice,BRA,2021
commodity_choice,CHL,1990
commodity_choice,CHL,1991
commodity_choice,CHL,1992
commodity_choice,CHL,1993
commodity_choice,CHL,1994
commodity_choice,CHL,1995
commodity_choice,CHL,1996
commodity_choice,CHL,1997
commodity_choice,CHL,1998
commodity_choice,CHL,1999
commodity_choice,CHL,2000
commodity_choice,CHL,2001
commodity_choice,CHL,2002
commodity_choice,CHL,2003
commodity_choice,CHL,2004
commodity_choice,CHL,2005
commodity_choice,CHL,2006
commodity_choice,CHL,2007
commodity_choice,CHL,2008
commodity_choice,CHL,2009
commodity_choice,CHL,2010
commodity_choice,CHL,2011
commodity_choice,CHL,2012
commodity_choice,CHL,2013
commodity_choice,CHL,2014
commodity_choice,CHL,2015
commodity_choice,CHL,2016
commodity_choice,CHL,2017
commodity_choice,CHL,2018
commodity_choice,CHL,2019
commodity_choice,CHL,2020
commodity_choice,CHL,2021
commodity_choice,COL,1990
commodity_choice,COL,1991
commodity_choice,COL,1992
commodity_choice,COL,1993
commodity_choice,COL,1994
commodity_choice,COL,1995
commodity_choice,COL,1996
commodity_choice,COL,1997
commodity_choice,COL,1998
commodity_choice,COL,1999
commodity_choice,COL,2000
commodity_choice,COL,2001
commodity_choice,COL,2002
commodity_choice,COL,2003
commodity_choice,COL,2004
commodity_choice,COL,2005
commodity_choice,COL,2006
commodity_choice,COL,2007
commodity_choice,COL,2008
commodity_choice,COL,2009
commodity_choice,COL,2010
commodity_choice,COL,2011
commodity_choice,COL,2012
commodity_choice,COL,2013
commodity_choice,COL,2014
commodity_choice,COL,2015
commodity_choice,COL,2016
commodity_choice,COL,2017
commodity_choice,COL,2018
commodity_choice,COL,2019
commodity_choice,COL,2020
commodity_choice,COL,2021
commodity_choice,CRI,1990
commodity_choice,CRI,1991
commodity_choice,CRI,1992
commodity_choice,CRI,1993
commodity_choice,CRI,1994
commodity_choice,CRI,1995
commodity_choice,CRI,1996
commodity_choice,CRI,1997
commodity_choice,CRI,1998
commodity_choice,CRI,1999
commodity_choice,CRI,2000
commodity_choice,CRI,2001
commodity_choice,CRI,2002
commodity_choice,CRI,2003
commodity_choice,CRI,2004
commodity_choice,CRI,2005
commodity_choice,CRI,2006
commodity_choice,CRI,2007
commodity_choice,CRI,2008
commodity_choice,CRI,2009
commodity_choice,CRI,2010
commodity_choice,CRI,2011
commodity_choice,CRI,2012
commodity_choice,CRI,2013
commodity_choice,CRI,2014
commodity_choice,CRI,2015
commodity_choice,CRI,2016
commodity_choice,CRI,2017
commodity_choice,CRI,2018
commodity_choice,CRI,2019
commodity_choice,CRI,2020
commodity_choice,CRI,2021
commodity_choice,DOM,1990
commodity_choice,DOM,1991
commodity_choice,DOM,1992
commodity_choice,DOM,1993
commodity_choice,DOM,1994
commodity_choice,DOM,1995
commodity_choice,DOM,1996
commodity_choice,DOM,1997
commodity_choice,DOM,1998
commodity_choice,DOM,1999
commodity_choice,DOM,2000
commodity_choice,DOM,2001
commodity_choice,DOM,2002
commodity_choice,DOM,2003
commodity_choice,DOM,2004
commodity_choice,DOM,2005
commodity_choice,DOM,2006
commodity_choice,DOM,2007
commodity_choice,DOM,2008
commodity_choice,DOM,2009
commodity_choice,DOM,2010
commodity_choice,DOM,2011
commodity_choice,DOM,2012
commodity_choice,DOM,2013
commodity_choice,DOM,2014
commodity_choice,DOM,2015
commodity_choice,DOM,2016
commodity_choice,DOM,2017
commodity_choice,DOM,2018
commodity_choice,DOM,2019
commodity_choice,DOM,2020
commodity_choice,DOM,2021
commodity_choice,ECU,1994
commodity_choice,ECU,1995
commodity_choice,ECU,1996
commodity_choice,ECU,1997
commodity_choice,ECU,1998
commodity_choice,ECU,1999
commodity_choice,ECU,2000
commodity_choice,ECU,2001
commodity_choice,ECU,2002
commodity_choice,ECU,2003
commodity_choice,ECU,2004
commodity_choice,ECU,2005
commodity_choice,ECU,2006
commodity_choice,ECU,2007
commodity_choice,ECU,2008
commodity_choice,ECU,2009
commodity_choice,ECU,2010
commodity_choice,ECU,2011
commodity_choice,ECU,2012
commodity_choice,ECU,2013
commodity_choice,ECU,2014
commodity_choice,ECU,2015
commodity_choice,ECU,2016
commodity_choice,ECU,2017
commodity_choice,ECU,2018
commodity_choice,ECU,2019
commodity_choice,ECU,2020
commodity_choice,ECU,2021
commodity_choice,GTM,1990
commodity_choice,GTM,1991
commodity_choice,GTM,1992
commodity_choice,GTM,1993
commodity_choice,GTM,1994
commodity_choice,GTM,1995
commodity_choice,GTM,1996
commodity_choice,GTM,1997
commodity_choice,GTM,1998
commodity_choice,GTM,1999
commodity_choice,GTM,2000
commodity_choice,GTM,2001
commodity_choice,GTM,2002
commodity_choice,GTM,2003
commodity_choice,GTM,2004
commodity_choice,GTM,2005
commodity_choice,GTM,2006
commodity_choice,GTM,2007
commodity_choice,GTM,2008
commodity_choice,GTM,2009
commodity_choice,GTM,2010
commodity_choice,GTM,2011
commodity_choice,GTM,2012
commodity_choice,GTM,2013
commodity_choice,GTM,2014
commodity_choice,GTM,2015
commodity_choice,GTM,2016
commodity_choice,GTM,2017
commodity_choice,GTM,2018
commodity_choice,GTM,2019
commodity_choice,GTM,2020
commodity_choice,GTM,2021
commodity_choice,HND,1990
commodity_choice,HND,1991
commodity_choice,HND,1992
commodity_choice,HND,1993
commodity_choice,HND,1994
commodity_choice,HND,1995
commodity_choice,HND,1996
commodity_choice,HND,1997
commodity_choice,HND,1998
commodity_choice,HND,1999
commodity_choice,HND,2000
commodity_choice,HND,2001
commodity_choice,HND,2002
commodity_choice,HND,2003
commodity_choice,HND,2004
commodity_choice,HND,2005
commodity_choice,HND,2006
commodity_choice,HND,2007
commodity_choice,HND,2008
commodity_choice,HND,2009
commodity_choice,HND,2010
commodity_choice,HND,2011
commodity_choice,HND,2012
commodity_choice,HND,2013
commodity_choice,HND,2014
commodity_choice,HND,2015
commodity_choice,HND,2016
commodity_choice,HND,2017
commodity_choice,HND,2018
commodity_choice,HND,2019
commodity_choice,HND,2020
commodity_choice,HND,2021
commodity_choice,MEX,1990
commodity_choice,MEX,1991
commodity_choice,MEX,1992
commodity_choice,MEX,1993
commodity_choice,MEX,1994
commodity_choice,MEX,1995
commodity_choice,MEX,1996
commodity_choice,MEX,1997
commodity_choice,MEX,1998
commodity_choice,MEX,1999
commodity_choice,MEX,2000
commodity_choice,MEX,2001
commodity_choice,MEX,2002
commodity_choice,MEX,2003
commodity_choice,MEX,2004
commodity_choice,MEX,2005
commodity_choice,MEX,2006
commodity_choice,MEX,2007
commodity_choice,MEX,2008
commodity_choice,MEX,2009
commodity_choice,MEX,2010
commodity_choice,MEX,2011
commodity_choice,MEX,2012
commodity_choice,MEX,2013
commodity_choice,MEX,2014
commodity_choice,MEX,2015
commodity_choice,MEX,2016
commodity_choice,MEX,2017
commodity_choice,MEX,2018
commodity_choice,MEX,2019
commodity_choice,MEX,2020
commodity_choice,MEX,2021
commodity_choice,NIC,1993
commodity_choice,NIC,1994
commodity_choice,NIC,1995
commodity_choice,NIC,1996
commodity_choice,NIC,1997
commodity_choice,NIC,1998
commodity_choice,NIC,1999
commodity_choice,NIC,2000
commodity_choice,NIC,2001
commodity_choice,NIC,2002
commodity_choice,NIC,2003
commodity_choice,NIC,2004
commodity_choice,NIC,2005
commodity_choice,NIC,2006
commodity_choice,NIC,2007
commodity_choice,NIC,2008
commodity_choice,NIC,2009
commodity_choice,NIC,2010
commodity_choice,NIC,2011
commodity_choice,NIC,2012
commodity_choice,NIC,2013
commodity_choice,NIC,2014
commodity_choice,PAN,1990
commodity_choice,PAN,1991
commodity_choice,PAN,1992
commodity_choice,PAN,1993
commodity_choice,PAN,1994
commodity_choice,PAN,1995
commodity_choice,PAN,1996
commodity_choice,PAN,1997
commodity_choice,PAN,1998
commodity_choice,PAN,1999
commodity_choice,PAN,2000
commodity_choice,PAN,2001
commodity_choice,PAN,2002
commodity_choice,PAN,2003
commodity_choice,PAN,2004
commodity_choice,PAN,2005
commodity_choice,PAN,2006
commodity_choice,PAN,2007
commodity_choice,PAN,2008
commodity_choice,PAN,2009
commodity_choice,PAN,2010
commodity_choice,PAN,2011
commodity_choice,PAN,2012
commodity_choice,PAN,2013
commodity_choice,PAN,2014
commodity_choice,PAN,2015
commodity_choice,PAN,2016
commodity_choice,PAN,2017
commodity_choice,PAN,2018
commodity_choice,PAN,2019
commodity_choice,PAN,2020
commodity_choice,PAN,2021
commodity_choice,PER,1990
commodity_choice,PER,1991
commodity_choice,PER,1992
commodity_choice,PER,1993
commodity_choice,PER,1994
commodity_choice,PER,1995
commodity_choice,PER,1996
commodity_choice,PER,1997
commodity_choice,PER,1998
commodity_choice,PER,1999
commodity_choice,PER,2000
commodity_choice,PER,2001
commodity_choice,PER,2002
commodity_choice,PER,2003
commodity_choice,PER,2004
commodity_choice,PER,2005
commodity_choice,PER,2006
commodity_choice,PER,2007
commodity_choice,PER,2008
commodity_choice,PER,2009
commodity_choice,PER,2010
commodity_choice,PER,2011
commodity_choice,PER,2012
commodity_choice,PER,2013
commodity_choice,PER,2014
commodity_choice,PER,2015
commodity_choice,PER,2016
commodity_choice,PER,2017
commodity_choice,PER,2018
commodity_choice,PER,2019
commodity_choice,PER,2020
commodity_choice,PER,2021
commodity_choice,PRY,1990
commodity_choice,PRY,1991
commodity_choice,PRY,1992
commodity_choice,PRY,1993
commodity_choice,PRY,1994
commodity_choice,PRY,1995
commodity_choice,PRY,1996
commodity_choice,PRY,1997
commodity_choice,PRY,1998
commodity_choice,PRY,1999
commodity_choice,PRY,2000
commodity_choice,PRY,2001
commodity_choice,PRY,2002
commodity_choice,PRY,2003
commodity_choice,PRY,2004
commodity_choice,PRY,2005
commodity_choice,PRY,2006
commodity_choice,PRY,2007
commodity_choice,PRY,2008
commodity_choice,PRY,2009
commodity_choice,PRY,2010
commodity_choice,PRY,2011
commodity_choice,PRY,2012
commodity_choice,PRY,2013
commodity_choice,PRY,2014
commodity_choice,PRY,2015
commodity_choice,PRY,2016
commodity_choice,PRY,2017
commodity_choice,PRY,2018
commodity_choice,PRY,2019
commodity_choice,PRY,2020
commodity_choice,PRY,2021
commodity_choice,SLV,1990
commodity_choice,SLV,1991
commodity_choice,SLV,1992
commodity_choice,SLV,1993
commodity_choice,SLV,1994
commodity_choice,SLV,1995
commodity_choice,SLV,1996
commodity_choice,SLV,1997
commodity_choice,SLV,1998
commodity_choice,SLV,1999
commodity_choice,SLV,2000
commodity_choice,SLV,2001
commodity_choice,SLV,2002
commodity_choice,SLV,2003
commodity_choice,SLV,2004
commodity_choice,SLV,2005
commodity_choice,SLV,2006
commodity_choice,SLV,2007
commodity_choice,SLV,2008
commodity_choice,SLV,2009
commodity_choice,SLV,2010
commodity_choice,SLV,2011
commodity_choice,SLV,2012
commodity_choice,SLV,2013
commodity_choice,SLV,2014
commodity_choice,SLV,2015
commodity_choice,SLV,2016
commodity_choice,SLV,2017
commodity_choice,SLV,2018
commodity_choice,SLV,2019
commodity_choice,SLV,2020
commodity_choice,SLV,2021
commodity_choice,URY,1990
commodity_choice,URY,1991
commodity_choice,URY,1992
commodity_choice,URY,1993
commodity_choice,URY,1994
commodity_choice,URY,1995
commodity_choice,URY,1996
commodity_choice,URY,1997
commodity_choice,URY,1998
commodity_choice,URY,1999
commodity_choice,URY,2000
commodity_choice,URY,2001
commodity_choice,URY,2002
commodity_choice,URY,2003
commodity_choice,URY,2004
commodity_choice,URY,2005
commodity_choice,URY,2006
commodity_choice,URY,2007
commodity_choice,URY,2008
commodity_choice,URY,2009
commodity_choice,URY,2010
commodity_choice,URY,2011
commodity_choice,URY,2012
commodity_choice,URY,2013
commodity_choice,URY,2014
commodity_choice,URY,2015
commodity_choice,URY,2016
commodity_choice,URY,2017
commodity_choice,URY,2018
commodity_choice,URY,2019
commodity_choice,URY,2020
commodity_choice,URY,2021
commodity_choice,VEN,1990
commodity_choice,VEN,1991
commodity_choice,VEN,1992
commodity_choice,VEN,1993
commodity_choice,VEN,1994
commodity_choice,VEN,1995
commodity_choice,VEN,1996
commodity_choice,VEN,1997
commodity_choice,VEN,1998
commodity_choice,VEN,1999
commodity_choice,VEN,2000
commodity_choice,VEN,2001
commodity_choice,VEN,2002
commodity_choice,VEN,2003
commodity_choice,VEN,2004
commodity_choice,VEN,2005
commodity_choice,VEN,2006
commodity_choice,VEN,2007
commodity_choice,VEN,2008
commodity_choice,VEN,2009
commodity_choice,VEN,2010
commodity_choice,VEN,2011
commodity_choice,VEN,2012
commodity_choice,VEN,2013
commodity_choice,VEN,2014
commodity_labour,ARG,1990
commodity_labour,ARG,1991
commodity_labour,ARG,1992
commodity_labour,ARG,1993
commodity_labour,ARG,1994
commodity_labour,ARG,1995
commodity_labour,ARG,1996
commodity_labour,ARG,1997
commodity_labour,ARG,1998
commodity_labour,ARG,1999
commodity_labour,ARG,2000
commodity_labour,ARG,2001
commodity_labour,ARG,2002
commodity_labour,ARG,2003
commodity_labour,ARG,2004
commodity_labour,ARG,2005
commodity_labour,ARG,2006
commodity_labour,ARG,2007
commodity_labour,ARG,2008
commodity_labour,ARG,2009
commodity_labour,ARG,2010
commodity_labour,ARG,2011
commodity_labour,ARG,2012
commodity_labour,ARG,2013
commodity_labour,ARG,2014
commodity_labour,ARG,2015
commodity_labour,ARG,2016
commodity_labour,ARG,2017
commodity_labour,ARG,2018
commodity_labour,ARG,2019
commodity_labour,ARG,2020
commodity_labour,ARG,2021
commodity_labour,BOL,1990
commodity_labour,BOL,1991
commodity_labour,BOL,1992
commodity_labour,BOL,1993
commodity_labour,BOL,1994
commodity_labour,BOL,1995
commodity_labour,BOL,1996
commodity_labour,BOL,1997
commodity_labour,BOL,1998
commodity_labour,BOL,1999
commodity_labour,BOL,2000
commodity_labour,BOL,2001
commodity_labour,BOL,2002
commodity_labour,BOL,2003
commodity_labour,BOL,2004
commodity_labour,BOL,2005
commodity_labour,BOL,2006
commodity_labour,BOL,2007
commodity_labour,BOL,2008
commodity_labour,BOL,2009
commodity_labour,BOL,2010
commodity_labour,BOL,2011
commodity_labour,BOL,2012
commodity_labour,BOL,2013
commodity_labour,BOL,2014
commodity_labour,BOL,2015
commodity_labour,BOL,2016
commodity_labour,BOL,2017
commodity_labour,BOL,2018
commodity_labour,BOL,2019
commodity_labour,BOL,2020
commodity_labour,BOL,2021
commodity_labour,BRA,1990
commodity_labour,BRA,1991
commodity_labour,BRA,1992
commodity_labour,BRA,1993
commodity_labour,BRA,1994
commodity_labour,BRA,1995
commodity_labour,BRA,1996
commodity_labour,BRA,1997
commodity_labour,BRA,1998
commodity_labour,BRA,1999
commodity_labour,BRA,2000
commodity_labour,BRA,2001
commodity_labour,BRA,2002
commodity_labour,BRA,2003
commodity_labour,BRA,2004
commodity_labour,BRA,2005
commodity_labour,BRA,2006
commodity_labour,BRA,2007
commodity_labour,BRA,2008
commodity_labour,BRA,2009
commodity_labour,BRA,2010
commodity_labour,BRA,2011
commodity_labour,BRA,2012
commodity_labour,BRA,2013
commodity_labour,BRA,2014
commodity_labour,BRA,2015
commodity_labour,BRA,2016
commodity_labour,BRA,2017
commodity_labour,BRA,2018
commodity_labour,BRA,2019
commodity_labour,BRA,2020
commodity_labour,BRA,2021
commodity_labour,CHL,1990
commodity_labour,CHL,1991
commodity_labour,CHL,1992
commodity_labour,CHL,1993
commodity_labour,CHL,1994
commodity_labour,CHL,1995
commodity_labour,CHL,1996
commodity_labour,CHL,1997
commodity_labour,CHL,1998
commodity_labour,CHL,1999
commodity_labour,CHL,2000
commodity_labour,CHL,2001
commodity_labour,CHL,2002
commodity_labour,CHL,2003
commodity_labour,CHL,2004
commodity_labour,CHL,2005
commodity_labour,CHL,2006
commodity_labour,CHL,2007
commodity_labour,CHL,2008
commodity_labour,CHL,2009
commodity_labour,CHL,2010
commodity_labour,CHL,2011
commodity_labour,CHL,2012
commodity_labour,CHL,2013
commodity_labour,CHL,2014
commodity_labour,CHL,2015
commodity_labour,CHL,2016
commodity_labour,CHL,2017
commodity_labour,CHL,2018
commodity_labour,CHL,2019
commodity_labour,CHL,2020
commodity_labour,CHL,2021
commodity_labour,COL,1990
commodity_labour,COL,1991
commodity_labour,COL,1992
commodity_labour,COL,1993
commodity_labour,COL,1994
commodity_labour,COL,1995
commodity_labour,COL,1996
commodity_labour,COL,1997
commodity_labour,COL,1998
commodity_labour,COL,1999
commodity_labour,COL,2000
commodity_labour,COL,2001
commodity_labour,COL,2002
commodity_labour,COL,2003
commodity_labour,COL,2004
commodity_labour,COL,2005
commodity_labour,COL,2006
commodity_labour,COL,2007
commodity_labour,COL,2008
commodity_labour,COL,2009
commodity_labour,COL,2010
commodity_labour,COL,2011
commodity_labour,COL,2012
commodity_labour,COL,2013
commodity_labour,COL,2014
commodity_labour,COL,2015
commodity_labour,COL,2016
commodity_labour,COL,2017
commodity_labour,COL,2018
commodity_labour,COL,2019
commodity_labour,COL,2020
commodity_labour,COL,2021
commodity_labour,CRI,1990
commodity_labour,CRI,1991
commodity_labour,CRI,1992
commodity_labour,CRI,1993
commodity_labour,CRI,1994
commodity_labour,CRI,1995
commodity_labour,CRI,1996
commodity_labour,CRI,1997
commodity_labour,CRI,1998
commodity_labour,CRI,1999
commodity_labour,CRI,2000
commodity_labour,CRI,2001
commodity_labour,CRI,2002
commodity_labour,CRI,2003
commodity_labour,CRI,2004
commodity_labour,CRI,2005
commodity_labour,CRI,2006
commodity_labour,CRI,2007
commodity_labour,CRI,2008
commodity_labour,CRI,2009
commodity_labour,CRI,2010
commodity_labour,CRI,2011
commodity_labour,CRI,2012
commodity_labour,CRI,2013
commodity_labour,CRI,2014
commodity_labour,CRI,2015
commodity_labour,CRI,2016
commodity_labour,CRI,2017
commodity_labour,CRI,2018
commodity_labour,CRI,2019
commodity_labour,CRI,2020
commodity_labour,CRI,2021
commodity_labour,DOM,1990
commodity_labour,DOM,1991
commodity_labour,DOM,1992
commodity_labour,DOM,1993
commodity_labour,DOM,1994
commodity_labour,DOM,1995
commodity_labour,DOM,1996
commodity_labour,DOM,1997
commodity_labour,DOM,1998
commodity_labour,DOM,1999
commodity_labour,DOM,2000
commodity_labour,DOM,2001
commodity_labour,DOM,2002
commodity_labour,DOM,2003
commodity_labour,DOM,2004
commodity_labour,DOM,2005
commodity_labour,DOM,2006
commodity_labour,DOM,2007
commodity_labour,DOM,2008
commodity_labour,DOM,2009
commodity_labour,DOM,2010
commodity_labour,DOM,2011
commodity_labour,DOM,2012
commodity_labour,DOM,2013
commodity_labour,DOM,2014
commodity_labour,DOM,2015
commodity_labour,DOM,2016
commodity_labour,DOM,2017
commodity_labour,DOM,2018
commodity_labour,DOM,2019
commodity_labour,DOM,2020
commodity_labour,DOM,2021
commodity_labour,ECU,1990
commodity_labour,ECU,1991
commodity_labour,ECU,1992
commodity_labour,ECU,1993
commodity_labour,ECU,1994
commodity_labour,ECU,1995
commodity_labour,ECU,1996
commodity_labour,ECU,1997
commodity_labour,ECU,1998
commodity_labour,ECU,1999
commodity_labour,ECU,2000
commodity_labour,ECU,2001
commodity_labour,ECU,2002
commodity_labour,ECU,2003
commodity_labour,ECU,2004
commodity_labour,ECU,2005
commodity_labour,ECU,2006
commodity_labour,ECU,2007
commodity_labour,ECU,2008
commodity_labour,ECU,2009
commodity_labour,ECU,2010
commodity_labour,ECU,2011
commodity_labour,ECU,2012
commodity_labour,ECU,2013
commodity_labour,ECU,2014
commodity_labour,ECU,2015
commodity_labour,ECU,2016
commodity_labour,ECU,2017
commodity_labour,ECU,2018
commodity_labour,ECU,2019
commodity_labour,ECU,2020
commodity_labour,ECU,2021
commodity_labour,GTM,1990
commodity_labour,GTM,1991
commodity_labour,GTM,1992
commodity_labour,GTM,1993
commodity_labour,GTM,1994
commodity_labour,GTM,1995
commodity_labour,GTM,1996
commodity_labour,GTM,1997
commodity_labour,GTM,1998
commodity_labour,GTM,1999
commodity_labour,GTM,2000
commodity_labour,GTM,2001
commodity_labour,GTM,2002
commodity_labour,GTM,2003
commodity_labour,GTM,2004
commodity_labour,GTM,2005
commodity_labour,GTM,2006
commodity_labour,GTM,2007
commodity_labour,GTM,2008
commodity_labour,GTM,2009
commodity_labour,GTM,2010
commodity_labour,GTM,2011
commodity_labour,GTM,2012
commodity_labour,GTM,2013
commodity_labour,GTM,2014
commodity_labour,GTM,2015
commodity_labour,GTM,2016
commodity_labour,GTM,2017
commodity_labour,GTM,2018
commodity_labour,GTM,2019
commodity_labour,GTM,2020
commodity_labour,GTM,2021
commodity_labour,HND,1990
commodity_labour,HND,1991
commodity_labour,HND,1992
commodity_labour,HND,1993
commodity_labour,HND,1994
commodity_labour,HND,1995
commodity_labour,HND,1996
commodity_labour,HND,1997
commodity_labour,HND,1998
commodity_labour,HND,1999
commodity_labour,HND,2000
commodity_labour,HND,2001
commodity_labour,HND,2002
commodity_labour,HND,2003
commodity_labour,HND,2004
commodity_labour,HND,2005
commodity_labour,HND,2006
commodity_labour,HND,2007
commodity_labour,HND,2008
commodity_labour,HND,2009
commodity_labour,HND,2010
commodity_labour,HND,2011
commodity_labour,HND,2012
commodity_labour,HND,2013
commodity_labour,HND,2014
commodity_labour,HND,2015
commodity_labour,HND,2016
commodity_labour,HND,2017
commodity_labour,HND,2018
commodity_labour,HND,2019
commodity_labour,HND,2020
commodity_labour,HND,2021
commodity_labour,MEX,1990
commodity_labour,MEX,1991
commodity_labour,MEX,1992
commodity_labour,MEX,1993
commodity_labour,MEX,1994
commodity_labour,MEX,1995
commodity_labour,MEX,1996
commodity_labour,MEX,1997
commodity_labour,MEX,1998
commodity_labour,MEX,1999
commodity_labour,MEX,2000
commodity_labour,MEX,2001
commodity_labour,MEX,2002
commodity_labour,MEX,2003
commodity_labour,MEX,2004
commodity_labour,MEX,2005
commodity_labour,MEX,2006
commodity_labour,MEX,2007
commodity_labour,MEX,2008
commodity_labour,MEX,2009
commodity_labour,MEX,2010
commodity_labour,MEX,2011
commodity_labour,MEX,2012
commodity_labour,MEX,2013
commodity_labour,MEX,2014
commodity_labour,MEX,2015
commodity_labour,MEX,2016
commodity_labour,MEX,2017
commodity_labour,MEX,2018
commodity_labour,MEX,2019
commodity_labour,MEX,2020
commodity_labour,MEX,2021
commodity_labour,NIC,1990
commodity_labour,NIC,1991
commodity_labour,NIC,1992
commodity_labour,NIC,1993
commodity_labour,NIC,1994
commodity_labour,NIC,1995
commodity_labour,NIC,1996
commodity_labour,NIC,1997
commodity_labour,NIC,1998
commodity_labour,NIC,1999
commodity_labour,NIC,2000
commodity_labour,NIC,2001
commodity_labour,NIC,2002
commodity_labour,NIC,2003
commodity_labour,NIC,2004
commodity_labour,NIC,2005
commodity_labour,NIC,2006
commodity_labour,NIC,2007
commodity_labour,NIC,2008
commodity_labour,NIC,2009
commodity_labour,NIC,2010
commodity_labour,NIC,2011
commodity_labour,NIC,2012
commodity_labour,NIC,2013
commodity_labour,NIC,2014
commodity_labour,NIC,2015
commodity_labour,NIC,2016
commodity_labour,NIC,2017
commodity_labour,NIC,2018
commodity_labour,NIC,2019
commodity_labour,NIC,2020
commodity_labour,NIC,2021
commodity_labour,PAN,1990
commodity_labour,PAN,1991
commodity_labour,PAN,1992
commodity_labour,PAN,1993
commodity_labour,PAN,1994
commodity_labour,PAN,1995
commodity_labour,PAN,1996
commodity_labour,PAN,1997
commodity_labour,PAN,1998
commodity_labour,PAN,1999
commodity_labour,PAN,2000
commodity_labour,PAN,2001
commodity_labour,PAN,2002
commodity_labour,PAN,2003
commodity_labour,PAN,2004
commodity_labour,PAN,2005
commodity_labour,PAN,2006
commodity_labour,PAN,2007
commodity_labour,PAN,2008
commodity_labour,PAN,2009
commodity_labour,PAN,2010
commodity_labour,PAN,2011
commodity_labour,PAN,2012
commodity_labour,PAN,2013
commodity_labour,PAN,2014
commodity_labour,PAN,2015
commodity_labour,PAN,2016
commodity_labour,PAN,2017
commodity_labour,PAN,2018
commodity_labour,PAN,2019
commodity_labour,PAN,2020
commodity_labour,PAN,2021
commodity_labour,PER,1990
commodity_labour,PER,1991
commodity_labour,PER,1992
commodity_labour,PER,1993
commodity_labour,PER,1994
commodity_labour,PER,1995
commodity_labour,PER,1996
commodity_labour,PER,1997
commodity_labour,PER,1998
commodity_labour,PER,1999
commodity_labour,PER,2000
commodity_labour,PER,2001
commodity_labour,PER,2002
commodity_labour,PER,2003
commodity_labour,PER,2004
commodity_labour,PER,2005
commodity_labour,PER,2006
commodity_labour,PER,2007
commodity_labour,PER,2008
commodity_labour,PER,2009
commodity_labour,PER,2010
commodity_labour,PER,2011
commodity_labour,PER,2012
commodity_labour,PER,2013
commodity_labour,PER,2014
commodity_labour,PER,2015
commodity_labour,PER,2016
commodity_labour,PER,2017
commodity_labour,PER,2018
commodity_labour,PER,2019
commodity_labour,PER,2020
commodity_labour,PER,2021
commodity_labour,PRY,1990
commodity_labour,PRY,1991
commodity_labour,PRY,1992
commodity_labour,PRY,1993
commodity_labour,PRY,1994
commodity_labour,PRY,1995
commodity_labour,PRY,1996
commodity_labour,PRY,1997
commodity_labour,PRY,1998
commodity_labour,PRY,1999
commodity_labour,PRY,2000
commodity_labour,PRY,2001
commodity_labour,PRY,2002
commodity_labour,PRY,2003
commodity_labour,PRY,2004
commodity_labour,PRY,2005
commodity_labour,PRY,2006
commodity_labour,PRY,2007
commodity_labour,PRY,2008
commodity_labour,PRY,2009
commodity_labour,PRY,2010
commodity_labour,PRY,2011
commodity_labour,PRY,2012
commodity_labour,PRY,2013
commodity_labour,PRY,2014
commodity_labour,PRY,2015
commodity_labour,PRY,2016
commodity_labour,PRY,2017
commodity_labour,PRY,2018
commodity_labour,PRY,2019
commodity_labour,PRY,2020
commodity_labour,PRY,2021
commodity_labour,SLV,2004
commodity_labour,SLV,2005
commodity_labour,SLV,2006
commodity_labour,SLV,2007
commodity_labour,SLV,2008
commodity_labour,SLV,2009
commodity_labour,SLV,2010
commodity_labour,SLV,2011
commodity_labour,SLV,2012
commodity_labour,SLV,2013
commodity_labour,SLV,2014
commodity_labour,SLV,2015
commodity_labour,SLV,2016
commodity_labour,SLV,2017
commodity_labour,SLV,2018
commodity_labour,SLV,2019
commodity_labour,SLV,2020
commodity_labour,SLV,2021
commodity_labour,URY,1990
commodity_labour,URY,1991
commodity_labour,URY,1992
commodity_labour,URY,1993
commodity_labour,URY,1994
commodity_labour,URY,1995
commodity_labour,URY,1996
commodity_labour,URY,1997
commodity_labour,URY,1998
commodity_labour,URY,1999
commodity_labour,URY,2000
commodity_labour,URY,2001
commodity_labour,URY,2002
commodity_labour,URY,2003
commodity_labour,URY,2004
commodity_labour,URY,2005
commodity_labour,URY,2006
commodity_labour,URY,2007
commodity_labour,URY,2008
commodity_labour,URY,2009
commodity_labour,URY,2010
commodity_labour,URY,2011
commodity_labour,URY,2012
commodity_labour,URY,2013
commodity_labour,URY,2014
commodity_labour,URY,2015
commodity_labour,URY,2016
commodity_labour,URY,2017
commodity_labour,URY,2018
commodity_labour,URY,2019
commodity_labour,URY,2020
commodity_labour,URY,2021
commodity_labour,VEN,1990
commodity_labour,VEN,1991
commodity_labour,VEN,1992
commodity_labour,VEN,1993
commodity_labour,VEN,1994
commodity_labour,VEN,1995
commodity_labour,VEN,1996
commodity_labour,VEN,1997
commodity_labour,VEN,1998
commodity_labour,VEN,1999
commodity_labour,VEN,2000
commodity_labour,VEN,2001
commodity_labour,VEN,2002
commodity_labour,VEN,2003
commodity_labour,VEN,2004
commodity_labour,VEN,2005
commodity_labour,VEN,2006
commodity_labour,VEN,2007
commodity_labour,VEN,2008
commodity_labour,VEN,2009
commodity_labour,VEN,2010
commodity_labour,VEN,2011
commodity_labour,VEN,2012
commodity_labour,VEN,2013
commodity_labour,VEN,2014
robot_repression,ARG,1997
robot_repression,ARG,1998
robot_repression,ARG,1999
robot_repression,ARG,2000
robot_repression,ARG,2001
robot_repression,ARG,2002
robot_repression,ARG,2003
robot_repression,ARG,2004
robot_repression,ARG,2005
robot_repression,ARG,2006
robot_repression,ARG,2007
robot_repression,ARG,2008
robot_repression,ARG,2009
robot_repression,ARG,2010
robot_repression,ARG,2011
robot_repression,ARG,2012
robot_repression,ARG,2013
robot_repression,ARG,2014
robot_repression,ARG,2015
robot_repression,ARG,2016
robot_repression,ARG,2017
robot_repression,ARG,2018
robot_repression,ARG,2019
robot_repression,ARG,2020
robot_repression,ARG,2021
robot_repression,BOL,1997
robot_repression,BOL,1998
robot_repression,BOL,1999
robot_repression,BOL,2000
robot_repression,BOL,2001
robot_repression,BOL,2002
robot_repression,BOL,2003
robot_repression,BOL,2004
robot_repression,BOL,2005
robot_repression,BOL,2006
robot_repression,BOL,2007
robot_repression,BOL,2008
robot_repression,BOL,2009
robot_repression,BOL,2010
robot_repression,BOL,2011
robot_repression,BOL,2012
robot_repression,BOL,2013
robot_repression,BOL,2014
robot_repression,BOL,2015
robot_repression,BOL,2016
robot_repression,BOL,2017
robot_repression,BOL,2018
robot_repression,BOL,2019
robot_repression,BOL,2020
robot_repression,BOL,2021
robot_repression,BRA,1997
robot_repression,BRA,1998
robot_repression,BRA,1999
robot_repression,BRA,2000
robot_repression,BRA,2001
robot_repression,BRA,2002
robot_repression,BRA,2003
robot_repression,BRA,2004
robot_repression,BRA,2005
robot_repression,BRA,2006
robot_repression,BRA,2007
robot_repression,BRA,2008
robot_repression,BRA,2009
robot_repression,BRA,2010
robot_repression,BRA,2011
robot_repression,BRA,2012
robot_repression,BRA,2013
robot_repression,BRA,2014
robot_repression,BRA,2015
robot_repression,BRA,2016
robot_repression,BRA,2017
robot_repression,BRA,2018
robot_repression,BRA,2019
robot_repression,BRA,2020
robot_repression,BRA,2021
robot_repression,CHL,1997
robot_repression,CHL,1998
robot_repression,CHL,1999
robot_repression,CHL,2000
robot_repression,CHL,2001
robot_repression,CHL,2002
robot_repression,CHL,2003
robot_repression,CHL,2004
robot_repression,CHL,2005
robot_repression,CHL,2006
robot_repression,CHL,2007
robot_repression,CHL,2008
robot_repression,CHL,2009
robot_repression,CHL,2010
robot_repression,CHL,2011
robot_repression,CHL,2012
robot_repression,CHL,2013
robot_repression,CHL,2014
robot_repression,CHL,2015
robot_repression,CHL,2016
robot_repression,CHL,2017
robot_repression,CHL,2018
robot_repression,CHL,2019
robot_repression,CHL,2020
robot_repression,CHL,2021
robot_repression,COL,1997
robot_repression,COL,1998
robot_repression,COL,1999
robot_repression,COL,2000
robot_repression,COL,2001
robot_repression,COL,2002
robot_repression,COL,2003
robot_repression,COL,2004
robot_repression,COL,2005
robot_repression,COL,2006
robot_repression,COL,2007
robot_repression,COL,2008
robot_repression,COL,2009
robot_repression,COL,2010
robot_repression,COL,2011
robot_repression,COL,2012
robot_repression,COL,2013
robot_repression,COL,2014
robot_repression,COL,2015
robot_repression,COL,2016
robot_repression,COL,2017
robot_repression,COL,2018
robot_repression,COL,2019
robot_repression,COL,2020
robot_repression,COL,2021
robot_repression,CRI,1997
robot_repression,CRI,1998
robot_repression,CRI,1999
robot_repression,CRI,2000
robot_repression,CRI,2001
robot_repression,CRI,2002
robot_repression,CRI,2003
robot_repression,CRI,2004
robot_repression,CRI,2005
robot_repression,CRI,2006
robot_repression,CRI,2007
robot_repression,CRI,2008
robot_repression,CRI,2009
robot_repression,CRI,2010
robot_repression,CRI,2011
robot_repression,CRI,2012
robot_repression,CRI,2013
robot_repression,CRI,2014
robot_repression,CRI,2015
robot_repression,CRI,2016
robot_repression,CRI,2017
robot_repression,CRI,2018
robot_repression,CRI,2019
robot_repression,CRI,2020
robot_repression,CRI,2021
robot_repression,DOM,1997
robot_repression,DOM,1998
robot_repression,DOM,1999
robot_repression,DOM,2000
robot_repression,DOM,2001
robot_repression,DOM,2002
robot_repression,DOM,2003
robot_repression,DOM,2004
robot_repression,DOM,2005
robot_repression,DOM,2006
robot_repression,DOM,2007
robot_repression,DOM,2008
robot_repression,DOM,2009
robot_repression,DOM,2010
robot_repression,DOM,2011
robot_repression,DOM,2012
robot_repression,DOM,2013
robot_repression,DOM,2014
robot_repression,DOM,2015
robot_repression,DOM,2016
robot_repression,DOM,2017
robot_repression,DOM,2018
robot_repression,DOM,2019
robot_repression,DOM,2020
robot_repression,DOM,2021
robot_repression,ECU,1997
robot_repression,ECU,1998
robot_repression,ECU,1999
robot_repression,ECU,2000
robot_repression,ECU,2001
robot_repression,ECU,2002
robot_repression,ECU,2003
robot_repression,ECU,2004
robot_repression,ECU,2005
robot_repression,ECU,2006
robot_repression,ECU,2007
robot_repression,ECU,2008
robot_repression,ECU,2009
robot_repression,ECU,2010
robot_repression,ECU,2011
robot_repression,ECU,2012
robot_repression,ECU,2013
robot_repression,ECU,2014
robot_repression,ECU,2015
robot_repression,ECU,2016
robot_repression,ECU,2017
robot_repression,ECU,2018
robot_repression,ECU,2019
robot_repression,ECU,2020
robot_repression,ECU,2021
robot_repression,GTM,1997
robot_repression,GTM,1998
robot_repression,GTM,1999
robot_repression,GTM,2000
robot_repression,GTM,2001
robot_repression,GTM,2002
robot_repression,GTM,2003
robot_repression,GTM,2004
robot_repression,GTM,2005
robot_repression,GTM,2006
robot_repression,GTM,2007
robot_repression,GTM,2008
robot_repression,GTM,2009
robot_repression,GTM,2010
robot_repression,GTM,2011
robot_repression,GTM,2012
robot_repression,GTM,2013
robot_repression,GTM,2014
robot_repression,GTM,2015
robot_repression,GTM,2016
robot_repression,GTM,2017
robot_repression,GTM,2018
robot_repression,GTM,2019
robot_repression,GTM,2020
robot_repression,GTM,2021
robot_repression,HND,1997
robot_repression,HND,1998
robot_repression,HND,1999
robot_repression,HND,2000
robot_repression,HND,2001
robot_repression,HND,2002
robot_repression,HND,2003
robot_repression,HND,2004
robot_repression,HND,2005
robot_repression,HND,2006
robot_repression,HND,2007
robot_repression,HND,2008
robot_repression,HND,2009
robot_repression,HND,2010
robot_repression,HND,2011
robot_repression,HND,2012
robot_repression,HND,2013
robot_repression,HND,2014
robot_repression,HND,2015
robot_repression,HND,2016
robot_repression,HND,2017
robot_repression,HND,2018
robot_repression,HND,2019
robot_repression,HND,2020
robot_repression,HND,2021
robot_repression,MEX,1997
robot_repression,MEX,1998
robot_repression,MEX,1999
robot_repression,MEX,2000
robot_repression,MEX,2001
robot_repression,MEX,2002
robot_repression,MEX,2003
robot_repression,MEX,2004
robot_repression,MEX,2005
robot_repression,MEX,2006
robot_repression,MEX,2007
robot_repression,MEX,2008
robot_repression,MEX,2009
robot_repression,MEX,2010
robot_repression,MEX,2011
robot_repression,MEX,2012
robot_repression,MEX,2013
robot_repression,MEX,2014
robot_repression,MEX,2015
robot_repression,MEX,2016
robot_repression,MEX,2017
robot_repression,MEX,2018
robot_repression,MEX,2019
robot_repression,MEX,2020
robot_repression,MEX,2021
robot_repression,NIC,1997
robot_repression,NIC,1998
robot_repression,NIC,1999
robot_repression,NIC,2000
robot_repression,NIC,2001
robot_repression,NIC,2002
robot_repression,NIC,2003
robot_repression,NIC,2004
robot_repression,NIC,2005
robot_repression,NIC,2006
robot_repression,NIC,2007
robot_repression,NIC,2008
robot_repression,NIC,2009
robot_repression,NIC,2010
robot_repression,NIC,2011
robot_repression,NIC,2012
robot_repression,NIC,2013
robot_repression,NIC,2014
robot_repression,NIC,2015
robot_repression,NIC,2016
robot_repression,NIC,2017
robot_repression,NIC,2018
robot_repression,NIC,2019
robot_repression,NIC,2020
robot_repression,NIC,2021
robot_repression,PAN,1997
robot_repression,PAN,1998
robot_repression,PAN,1999
robot_repression,PAN,2000
robot_repression,PAN,2001
robot_repression,PAN,2002
robot_repression,PAN,2003
robot_repression,PAN,2004
robot_repression,PAN,2005
robot_repression,PAN,2006
robot_repression,PAN,2007
robot_repression,PAN,2008
robot_repression,PAN,2009
robot_repression,PAN,2010
robot_repression,PAN,2011
robot_repression,PAN,2012
robot_repression,PAN,2013
robot_repression,PAN,2014
robot_repression,PAN,2015
robot_repression,PAN,2016
robot_repression,PAN,2017
robot_repression,PAN,2018
robot_repression,PAN,2019
robot_repression,PAN,2020
robot_repression,PAN,2021
robot_repression,PER,1997
robot_repression,PER,1998
robot_repression,PER,1999
robot_repression,PER,2000
robot_repression,PER,2001
robot_repression,PER,2002
robot_repression,PER,2003
robot_repression,PER,2004
robot_repression,PER,2005
robot_repression,PER,2006
robot_repression,PER,2007
robot_repression,PER,2008
robot_repression,PER,2009
robot_repression,PER,2010
robot_repression,PER,2011
robot_repression,PER,2012
robot_repression,PER,2013
robot_repression,PER,2014
robot_repression,PER,2015
robot_repression,PER,2016
robot_repression,PER,2017
robot_repression,PER,2018
robot_repression,PER,2019
robot_repression,PER,2020
robot_repression,PER,2021
robot_repression,PRY,1997
robot_repression,PRY,1998
robot_repression,PRY,1999
robot_repression,PRY,2000
robot_repression,PRY,2001
robot_repression,PRY,2002
robot_repression,PRY,2003
robot_repression,PRY,2004
robot_repression,PRY,2005
robot_repression,PRY,2006
robot_repression,PRY,2007
robot_repression,PRY,2008
robot_repression,PRY,2009
robot_repression,PRY,2010
robot_repression,PRY,2011
robot_repression,PRY,2012
robot_repression,PRY,2013
robot_repression,PRY,2014
robot_repression,PRY,2015
robot_repression,PRY,2016
robot_repression,PRY,2017
robot_repression,PRY,2018
robot_repression,PRY,2019
robot_repression,PRY,2020
robot_repression,PRY,2021
robot_repression,SLV,1997
robot_repression,SLV,1998
robot_repression,SLV,1999
robot_repression,SLV,2000
robot_repression,SLV,2001
robot_repression,SLV,2002
robot_repression,SLV,2003
robot_repression,SLV,2004
robot_repression,SLV,2005
robot_repression,SLV,2006
robot_repression,SLV,2007
robot_repression,SLV,2008
robot_repression,SLV,2009
robot_repression,SLV,2010
robot_repression,SLV,2011
robot_repression,SLV,2012
robot_repression,SLV,2013
robot_repression,SLV,2014
robot_repression,SLV,2015
robot_repression,SLV,2016
robot_repression,SLV,2017
robot_repression,SLV,2018
robot_repression,SLV,2019
robot_repression,SLV,2020
robot_repression,SLV,2021
robot_repression,URY,1997
robot_repression,URY,1998
robot_repression,URY,1999
robot_repression,URY,2000
robot_repression,URY,2001
robot_repression,URY,2002
robot_repression,URY,2003
robot_repression,URY,2004
robot_repression,URY,2005
robot_repression,URY,2006
robot_repression,URY,2007
robot_repression,URY,2008
robot_repression,URY,2009
robot_repression,URY,2010
robot_repression,URY,2011
robot_repression,URY,2012
robot_repression,URY,2013
robot_repression,URY,2014
robot_repression,URY,2015
robot_repression,URY,2016
robot_repression,URY,2017
robot_repression,URY,2018
robot_repression,URY,2019
robot_repression,URY,2020
robot_repression,URY,2021
robot_repression,VEN,1997
robot_repression,VEN,1998
robot_repression,VEN,1999
robot_repression,VEN,2000
robot_repression,VEN,2001
robot_repression,VEN,2002
robot_repression,VEN,2003
robot_repression,VEN,2004
robot_repression,VEN,2005
robot_repression,VEN,2006
robot_repression,VEN,2007
robot_repression,VEN,2008
robot_repression,VEN,2009
robot_repression,VEN,2010
robot_repression,VEN,2011
robot_repression,VEN,2012
robot_repression,VEN,2013
robot_repression,VEN,2014
robot_labour,ARG,1997
robot_labour,ARG,1998
robot_labour,ARG,1999
robot_labour,ARG,2000
robot_labour,ARG,2001
robot_labour,ARG,2002
robot_labour,ARG,2003
robot_labour,ARG,2004
robot_labour,ARG,2005
robot_labour,ARG,2006
robot_labour,ARG,2007
robot_labour,ARG,2008
robot_labour,ARG,2009
robot_labour,ARG,2010
robot_labour,ARG,2011
robot_labour,ARG,2012
robot_labour,ARG,2013
robot_labour,ARG,2014
robot_labour,ARG,2015
robot_labour,ARG,2016
robot_labour,ARG,2017
robot_labour,ARG,2018
robot_labour,ARG,2019
robot_labour,ARG,2020
robot_labour,ARG,2021
robot_labour,BOL,1997
robot_labour,BOL,1998
robot_labour,BOL,1999
robot_labour,BOL,2000
robot_labour,BOL,2001
robot_labour,BOL,2002
robot_labour,BOL,2003
robot_labour,BOL,2004
robot_labour,BOL,2005
robot_labour,BOL,2006
robot_labour,BOL,2007
robot_labour,BOL,2008
robot_labour,BOL,2009
robot_labour,BOL,2010
robot_labour,BOL,2011
robot_labour,BOL,2012
robot_labour,BOL,2013
robot_labour,BOL,2014
robot_labour,BOL,2015
robot_labour,BOL,2016
robot_labour,BOL,2017
robot_labour,BOL,2018
robot_labour,BOL,2019
robot_labour,BOL,2020
robot_labour,BOL,2021
robot_labour,BRA,1997
robot_labour,BRA,1998
robot_labour,BRA,1999
robot_labour,BRA,2000
robot_labour,BRA,2001
robot_labour,BRA,2002
robot_labour,BRA,2003
robot_labour,BRA,2004
robot_labour,BRA,2005
robot_labour,BRA,2006
robot_labour,BRA,2007
robot_labour,BRA,2008
robot_labour,BRA,2009
robot_labour,BRA,2010
robot_labour,BRA,2011
robot_labour,BRA,2012
robot_labour,BRA,2013
robot_labour,BRA,2014
robot_labour,BRA,2015
robot_labour,BRA,2016
robot_labour,BRA,2017
robot_labour,BRA,2018
robot_labour,BRA,2019
robot_labour,BRA,2020
robot_labour,BRA,2021
robot_labour,CHL,1997
robot_labour,CHL,1998
robot_labour,CHL,1999
robot_labour,CHL,2000
robot_labour,CHL,2001
robot_labour,CHL,2002
robot_labour,CHL,2003
robot_labour,CHL,2004
robot_labour,CHL,2005
robot_labour,CHL,2006
robot_labour,CHL,2007
robot_labour,CHL,2008
robot_labour,CHL,2009
robot_labour,CHL,2010
robot_labour,CHL,2011
robot_labour,CHL,2012
robot_labour,CHL,2013
robot_labour,CHL,2014
robot_labour,CHL,2015
robot_labour,CHL,2016
robot_labour,CHL,2017
robot_labour,CHL,2018
robot_labour,CHL,2019
robot_labour,CHL,2020
robot_labour,CHL,2021
robot_labour,COL,1997
robot_labour,COL,1998
robot_labour,COL,1999
robot_labour,COL,2000
robot_labour,COL,2001
robot_labour,COL,2002
robot_labour,COL,2003
robot_labour,COL,2004
robot_labour,COL,2005
robot_labour,COL,2006
robot_labour,COL,2007
robot_labour,COL,2008
robot_labour,COL,2009
robot_labour,COL,2010
robot_labour,COL,2011
robot_labour,COL,2012
robot_labour,COL,2013
robot_labour,COL,2014
robot_labour,COL,2015
robot_labour,COL,2016
robot_labour,COL,2017
robot_labour,COL,2018
robot_labour,COL,2019
robot_labour,COL,2020
robot_labour,COL,2021
robot_labour,CRI,1997
robot_labour,CRI,1998
robot_labour,CRI,1999
robot_labour,CRI,2000
robot_labour,CRI,2001
robot_labour,CRI,2002
robot_labour,CRI,2003
robot_labour,CRI,2004
robot_labour,CRI,2005
robot_labour,CRI,2006
robot_labour,CRI,2007
robot_labour,CRI,2008
robot_labour,CRI,2009
robot_labour,CRI,2010
robot_labour,CRI,2011
robot_labour,CRI,2012
robot_labour,CRI,2013
robot_labour,CRI,2014
robot_labour,CRI,2015
robot_labour,CRI,2016
robot_labour,CRI,2017
robot_labour,CRI,2018
robot_labour,CRI,2019
robot_labour,CRI,2020
robot_labour,CRI,2021
robot_labour,DOM,1997
robot_labour,DOM,1998
robot_labour,DOM,1999
robot_labour,DOM,2000
robot_labour,DOM,2001
robot_labour,DOM,2002
robot_labour,DOM,2003
robot_labour,DOM,2004
robot_labour,DOM,2005
robot_labour,DOM,2006
robot_labour,DOM,2007
robot_labour,DOM,2008
robot_labour,DOM,2009
robot_labour,DOM,2010
robot_labour,DOM,2011
robot_labour,DOM,2012
robot_labour,DOM,2013
robot_labour,DOM,2014
robot_labour,DOM,2015
robot_labour,DOM,2016
robot_labour,DOM,2017
robot_labour,DOM,2018
robot_labour,DOM,2019
robot_labour,DOM,2020
robot_labour,DOM,2021
robot_labour,ECU,1997
robot_labour,ECU,1998
robot_labour,ECU,1999
robot_labour,ECU,2000
robot_labour,ECU,2001
robot_labour,ECU,2002
robot_labour,ECU,2003
robot_labour,ECU,2004
robot_labour,ECU,2005
robot_labour,ECU,2006
robot_labour,ECU,2007
robot_labour,ECU,2008
robot_labour,ECU,2009
robot_labour,ECU,2010
robot_labour,ECU,2011
robot_labour,ECU,2012
robot_labour,ECU,2013
robot_labour,ECU,2014
robot_labour,ECU,2015
robot_labour,ECU,2016
robot_labour,ECU,2017
robot_labour,ECU,2018
robot_labour,ECU,2019
robot_labour,ECU,2020
robot_labour,ECU,2021
robot_labour,GTM,1997
robot_labour,GTM,1998
robot_labour,GTM,1999
robot_labour,GTM,2000
robot_labour,GTM,2001
robot_labour,GTM,2002
robot_labour,GTM,2003
robot_labour,GTM,2004
robot_labour,GTM,2005
robot_labour,GTM,2006
robot_labour,GTM,2007
robot_labour,GTM,2008
robot_labour,GTM,2009
robot_labour,GTM,2010
robot_labour,GTM,2011
robot_labour,GTM,2012
robot_labour,GTM,2013
robot_labour,GTM,2014
robot_labour,GTM,2015
robot_labour,GTM,2016
robot_labour,GTM,2017
robot_labour,GTM,2018
robot_labour,GTM,2019
robot_labour,GTM,2020
robot_labour,GTM,2021
robot_labour,HND,1997
robot_labour,HND,1998
robot_labour,HND,1999
robot_labour,HND,2000
robot_labour,HND,2001
robot_labour,HND,2002
robot_labour,HND,2003
robot_labour,HND,2004
robot_labour,HND,2005
robot_labour,HND,2006
robot_labour,HND,2007
robot_labour,HND,2008
robot_labour,HND,2009
robot_labour,HND,2010
robot_labour,HND,2011
robot_labour,HND,2012
robot_labour,HND,2013
robot_labour,HND,2014
robot_labour,HND,2015
robot_labour,HND,2016
robot_labour,HND,2017
robot_labour,HND,2018
robot_labour,HND,2019
robot_labour,HND,2020
robot_labour,HND,2021
robot_labour,MEX,1997
robot_labour,MEX,1998
robot_labour,MEX,1999
robot_labour,MEX,2000
robot_labour,MEX,2001
robot_labour,MEX,2002
robot_labour,MEX,2003
robot_labour,MEX,2004
robot_labour,MEX,2005
robot_labour,MEX,2006
robot_labour,MEX,2007
robot_labour,MEX,2008
robot_labour,MEX,2009
robot_labour,MEX,2010
robot_labour,MEX,2011
robot_labour,MEX,2012
robot_labour,MEX,2013
robot_labour,MEX,2014
robot_labour,MEX,2015
robot_labour,MEX,2016
robot_labour,MEX,2017
robot_labour,MEX,2018
robot_labour,MEX,2019
robot_labour,MEX,2020
robot_labour,MEX,2021
robot_labour,NIC,1997
robot_labour,NIC,1998
robot_labour,NIC,1999
robot_labour,NIC,2000
robot_labour,NIC,2001
robot_labour,NIC,2002
robot_labour,NIC,2003
robot_labour,NIC,2004
robot_labour,NIC,2005
robot_labour,NIC,2006
robot_labour,NIC,2007
robot_labour,NIC,2008
robot_labour,NIC,2009
robot_labour,NIC,2010
robot_labour,NIC,2011
robot_labour,NIC,2012
robot_labour,NIC,2013
robot_labour,NIC,2014
robot_labour,NIC,2015
robot_labour,NIC,2016
robot_labour,NIC,2017
robot_labour,NIC,2018
robot_labour,NIC,2019
robot_labour,NIC,2020
robot_labour,NIC,2021
robot_labour,PAN,1997
robot_labour,PAN,1998
robot_labour,PAN,1999
robot_labour,PAN,2000
robot_labour,PAN,2001
robot_labour,PAN,2002
robot_labour,PAN,2003
robot_labour,PAN,2004
robot_labour,PAN,2005
robot_labour,PAN,2006
robot_labour,PAN,2007
robot_labour,PAN,2008
robot_labour,PAN,2009
robot_labour,PAN,2010
robot_labour,PAN,2011
robot_labour,PAN,2012
robot_labour,PAN,2013
robot_labour,PAN,2014
robot_labour,PAN,2015
robot_labour,PAN,2016
robot_labour,PAN,2017
robot_labour,PAN,2018
robot_labour,PAN,2019
robot_labour,PAN,2020
robot_labour,PAN,2021
robot_labour,PER,1997
robot_labour,PER,1998
robot_labour,PER,1999
robot_labour,PER,2000
robot_labour,PER,2001
robot_labour,PER,2002
robot_labour,PER,2003
robot_labour,PER,2004
robot_labour,PER,2005
robot_labour,PER,2006
robot_labour,PER,2007
robot_labour,PER,2008
robot_labour,PER,2009
robot_labour,PER,2010
robot_labour,PER,2011
robot_labour,PER,2012
robot_labour,PER,2013
robot_labour,PER,2014
robot_labour,PER,2015
robot_labour,PER,2016
robot_labour,PER,2017
robot_labour,PER,2018
robot_labour,PER,2019
robot_labour,PER,2020
robot_labour,PER,2021
robot_labour,PRY,1997
robot_labour,PRY,1998
robot_labour,PRY,1999
robot_labour,PRY,2000
robot_labour,PRY,2001
robot_labour,PRY,2002
robot_labour,PRY,2003
robot_labour,PRY,2004
robot_labour,PRY,2005
robot_labour,PRY,2006
robot_labour,PRY,2007
robot_labour,PRY,2008
robot_labour,PRY,2009
robot_labour,PRY,2010
robot_labour,PRY,2011
robot_labour,PRY,2012
robot_labour,PRY,2013
robot_labour,PRY,2014
robot_labour,PRY,2015
robot_labour,PRY,2016
robot_labour,PRY,2017
robot_labour,PRY,2018
robot_labour,PRY,2019
robot_labour,PRY,2020
robot_labour,PRY,2021
robot_labour,SLV,2004
robot_labour,SLV,2005
robot_labour,SLV,2006
robot_labour,SLV,2007
robot_labour,SLV,2008
robot_labour,SLV,2009
robot_labour,SLV,2010
robot_labour,SLV,2011
robot_labour,SLV,2012
robot_labour,SLV,2013
robot_labour,SLV,2014
robot_labour,SLV,2015
robot_labour,SLV,2016
robot_labour,SLV,2017
robot_labour,SLV,2018
robot_labour,SLV,2019
robot_labour,SLV,2020
robot_labour,SLV,2021
robot_labour,URY,1997
robot_labour,URY,1998
robot_labour,URY,1999
robot_labour,URY,2000
robot_labour,URY,2001
robot_labour,URY,2002
robot_labour,URY,2003
robot_labour,URY,2004
robot_labour,URY,2005
robot_labour,URY,2006
robot_labour,URY,2007
robot_labour,URY,2008
robot_labour,URY,2009
robot_labour,URY,2010
robot_labour,URY,2011
robot_labour,URY,2012
robot_labour,URY,2013
robot_labour,URY,2014
robot_labour,URY,2015
robot_labour,URY,2016
robot_labour,URY,2017
robot_labour,URY,2018
robot_labour,URY,2019
robot_labour,URY,2020
robot_labour,URY,2021
robot_labour,VEN,1997
robot_labour,VEN,1998
robot_labour,VEN,1999
robot_labour,VEN,2000
robot_labour,VEN,2001
robot_labour,VEN,2002
robot_labour,VEN,2003
robot_labour,VEN,2004
robot_labour,VEN,2005
robot_labour,VEN,2006
robot_labour,VEN,2007
robot_labour,VEN,2008
robot_labour,VEN,2009
robot_labour,VEN,2010
robot_labour,VEN,2011
robot_labour,VEN,2012
robot_labour,VEN,2013
robot_labour,VEN,2014
robot_repression_trend,ARG,1997
robot_repression_trend,ARG,1998
robot_repression_trend,ARG,1999
robot_repression_trend,ARG,2000
robot_repression_trend,ARG,2001
robot_repression_trend,ARG,2002
robot_repression_trend,ARG,2003
robot_repression_trend,ARG,2004
robot_repression_trend,ARG,2005
robot_repression_trend,ARG,2006
robot_repression_trend,ARG,2007
robot_repression_trend,ARG,2008
robot_repression_trend,ARG,2009
robot_repression_trend,ARG,2010
robot_repression_trend,ARG,2011
robot_repression_trend,ARG,2012
robot_repression_trend,ARG,2013
robot_repression_trend,ARG,2014
robot_repression_trend,ARG,2015
robot_repression_trend,ARG,2016
robot_repression_trend,ARG,2017
robot_repression_trend,ARG,2018
robot_repression_trend,ARG,2019
robot_repression_trend,ARG,2020
robot_repression_trend,ARG,2021
robot_repression_trend,BOL,1997
robot_repression_trend,BOL,1998
robot_repression_trend,BOL,1999
robot_repression_trend,BOL,2000
robot_repression_trend,BOL,2001
robot_repression_trend,BOL,2002
robot_repression_trend,BOL,2003
robot_repression_trend,BOL,2004
robot_repression_trend,BOL,2005
robot_repression_trend,BOL,2006
robot_repression_trend,BOL,2007
robot_repression_trend,BOL,2008
robot_repression_trend,BOL,2009
robot_repression_trend,BOL,2010
robot_repression_trend,BOL,2011
robot_repression_trend,BOL,2012
robot_repression_trend,BOL,2013
robot_repression_trend,BOL,2014
robot_repression_trend,BOL,2015
robot_repression_trend,BOL,2016
robot_repression_trend,BOL,2017
robot_repression_trend,BOL,2018
robot_repression_trend,BOL,2019
robot_repression_trend,BOL,2020
robot_repression_trend,BOL,2021
robot_repression_trend,BRA,1997
robot_repression_trend,BRA,1998
robot_repression_trend,BRA,1999
robot_repression_trend,BRA,2000
robot_repression_trend,BRA,2001
robot_repression_trend,BRA,2002
robot_repression_trend,BRA,2003
robot_repression_trend,BRA,2004
robot_repression_trend,BRA,2005
robot_repression_trend,BRA,2006
robot_repression_trend,BRA,2007
robot_repression_trend,BRA,2008
robot_repression_trend,BRA,2009
robot_repression_trend,BRA,2010
robot_repression_trend,BRA,2011
robot_repression_trend,BRA,2012
robot_repression_trend,BRA,2013
robot_repression_trend,BRA,2014
robot_repression_trend,BRA,2015
robot_repression_trend,BRA,2016
robot_repression_trend,BRA,2017
robot_repression_trend,BRA,2018
robot_repression_trend,BRA,2019
robot_repression_trend,BRA,2020
robot_repression_trend,BRA,2021
robot_repression_trend,CHL,1997
robot_repression_trend,CHL,1998
robot_repression_trend,CHL,1999
robot_repression_trend,CHL,2000
robot_repression_trend,CHL,2001
robot_repression_trend,CHL,2002
robot_repression_trend,CHL,2003
robot_repression_trend,CHL,2004
robot_repression_trend,CHL,2005
robot_repression_trend,CHL,2006
robot_repression_trend,CHL,2007
robot_repression_trend,CHL,2008
robot_repression_trend,CHL,2009
robot_repression_trend,CHL,2010
robot_repression_trend,CHL,2011
robot_repression_trend,CHL,2012
robot_repression_trend,CHL,2013
robot_repression_trend,CHL,2014
robot_repression_trend,CHL,2015
robot_repression_trend,CHL,2016
robot_repression_trend,CHL,2017
robot_repression_trend,CHL,2018
robot_repression_trend,CHL,2019
robot_repression_trend,CHL,2020
robot_repression_trend,CHL,2021
robot_repression_trend,COL,1997
robot_repression_trend,COL,1998
robot_repression_trend,COL,1999
robot_repression_trend,COL,2000
robot_repression_trend,COL,2001
robot_repression_trend,COL,2002
robot_repression_trend,COL,2003
robot_repression_trend,COL,2004
robot_repression_trend,COL,2005
robot_repression_trend,COL,2006
robot_repression_trend,COL,2007
robot_repression_trend,COL,2008
robot_repression_trend,COL,2009
robot_repression_trend,COL,2010
robot_repression_trend,COL,2011
robot_repression_trend,COL,2012
robot_repression_trend,COL,2013
robot_repression_trend,COL,2014
robot_repression_trend,COL,2015
robot_repression_trend,COL,2016
robot_repression_trend,COL,2017
robot_repression_trend,COL,2018
robot_repression_trend,COL,2019
robot_repression_trend,COL,2020
robot_repression_trend,COL,2021
robot_repression_trend,CRI,1997
robot_repression_trend,CRI,1998
robot_repression_trend,CRI,1999
robot_repression_trend,CRI,2000
robot_repression_trend,CRI,2001
robot_repression_trend,CRI,2002
robot_repression_trend,CRI,2003
robot_repression_trend,CRI,2004
robot_repression_trend,CRI,2005
robot_repression_trend,CRI,2006
robot_repression_trend,CRI,2007
robot_repression_trend,CRI,2008
robot_repression_trend,CRI,2009
robot_repression_trend,CRI,2010
robot_repression_trend,CRI,2011
robot_repression_trend,CRI,2012
robot_repression_trend,CRI,2013
robot_repression_trend,CRI,2014
robot_repression_trend,CRI,2015
robot_repression_trend,CRI,2016
robot_repression_trend,CRI,2017
robot_repression_trend,CRI,2018
robot_repression_trend,CRI,2019
robot_repression_trend,CRI,2020
robot_repression_trend,CRI,2021
robot_repression_trend,DOM,1997
robot_repression_trend,DOM,1998
robot_repression_trend,DOM,1999
robot_repression_trend,DOM,2000
robot_repression_trend,DOM,2001
robot_repression_trend,DOM,2002
robot_repression_trend,DOM,2003
robot_repression_trend,DOM,2004
robot_repression_trend,DOM,2005
robot_repression_trend,DOM,2006
robot_repression_trend,DOM,2007
robot_repression_trend,DOM,2008
robot_repression_trend,DOM,2009
robot_repression_trend,DOM,2010
robot_repression_trend,DOM,2011
robot_repression_trend,DOM,2012
robot_repression_trend,DOM,2013
robot_repression_trend,DOM,2014
robot_repression_trend,DOM,2015
robot_repression_trend,DOM,2016
robot_repression_trend,DOM,2017
robot_repression_trend,DOM,2018
robot_repression_trend,DOM,2019
robot_repression_trend,DOM,2020
robot_repression_trend,DOM,2021
robot_repression_trend,ECU,1997
robot_repression_trend,ECU,1998
robot_repression_trend,ECU,1999
robot_repression_trend,ECU,2000
robot_repression_trend,ECU,2001
robot_repression_trend,ECU,2002
robot_repression_trend,ECU,2003
robot_repression_trend,ECU,2004
robot_repression_trend,ECU,2005
robot_repression_trend,ECU,2006
robot_repression_trend,ECU,2007
robot_repression_trend,ECU,2008
robot_repression_trend,ECU,2009
robot_repression_trend,ECU,2010
robot_repression_trend,ECU,2011
robot_repression_trend,ECU,2012
robot_repression_trend,ECU,2013
robot_repression_trend,ECU,2014
robot_repression_trend,ECU,2015
robot_repression_trend,ECU,2016
robot_repression_trend,ECU,2017
robot_repression_trend,ECU,2018
robot_repression_trend,ECU,2019
robot_repression_trend,ECU,2020
robot_repression_trend,ECU,2021
robot_repression_trend,GTM,1997
robot_repression_trend,GTM,1998
robot_repression_trend,GTM,1999
robot_repression_trend,GTM,2000
robot_repression_trend,GTM,2001
robot_repression_trend,GTM,2002
robot_repression_trend,GTM,2003
robot_repression_trend,GTM,2004
robot_repression_trend,GTM,2005
robot_repression_trend,GTM,2006
robot_repression_trend,GTM,2007
robot_repression_trend,GTM,2008
robot_repression_trend,GTM,2009
robot_repression_trend,GTM,2010
robot_repression_trend,GTM,2011
robot_repression_trend,GTM,2012
robot_repression_trend,GTM,2013
robot_repression_trend,GTM,2014
robot_repression_trend,GTM,2015
robot_repression_trend,GTM,2016
robot_repression_trend,GTM,2017
robot_repression_trend,GTM,2018
robot_repression_trend,GTM,2019
robot_repression_trend,GTM,2020
robot_repression_trend,GTM,2021
robot_repression_trend,HND,1997
robot_repression_trend,HND,1998
robot_repression_trend,HND,1999
robot_repression_trend,HND,2000
robot_repression_trend,HND,2001
robot_repression_trend,HND,2002
robot_repression_trend,HND,2003
robot_repression_trend,HND,2004
robot_repression_trend,HND,2005
robot_repression_trend,HND,2006
robot_repression_trend,HND,2007
robot_repression_trend,HND,2008
robot_repression_trend,HND,2009
robot_repression_trend,HND,2010
robot_repression_trend,HND,2011
robot_repression_trend,HND,2012
robot_repression_trend,HND,2013
robot_repression_trend,HND,2014
robot_repression_trend,HND,2015
robot_repression_trend,HND,2016
robot_repression_trend,HND,2017
robot_repression_trend,HND,2018
robot_repression_trend,HND,2019
robot_repression_trend,HND,2020
robot_repression_trend,HND,2021
robot_repression_trend,MEX,1997
robot_repression_trend,MEX,1998
robot_repression_trend,MEX,1999
robot_repression_trend,MEX,2000
robot_repression_trend,MEX,2001
robot_repression_trend,MEX,2002
robot_repression_trend,MEX,2003
robot_repression_trend,MEX,2004
robot_repression_trend,MEX,2005
robot_repression_trend,MEX,2006
robot_repression_trend,MEX,2007
robot_repression_trend,MEX,2008
robot_repression_trend,MEX,2009
robot_repression_trend,MEX,2010
robot_repression_trend,MEX,2011
robot_repression_trend,MEX,2012
robot_repression_trend,MEX,2013
robot_repression_trend,MEX,2014
robot_repression_trend,MEX,2015
robot_repression_trend,MEX,2016
robot_repression_trend,MEX,2017
robot_repression_trend,MEX,2018
robot_repression_trend,MEX,2019
robot_repression_trend,MEX,2020
robot_repression_trend,MEX,2021
robot_repression_trend,NIC,1997
robot_repression_trend,NIC,1998
robot_repression_trend,NIC,1999
robot_repression_trend,NIC,2000
robot_repression_trend,NIC,2001
robot_repression_trend,NIC,2002
robot_repression_trend,NIC,2003
robot_repression_trend,NIC,2004
robot_repression_trend,NIC,2005
robot_repression_trend,NIC,2006
robot_repression_trend,NIC,2007
robot_repression_trend,NIC,2008
robot_repression_trend,NIC,2009
robot_repression_trend,NIC,2010
robot_repression_trend,NIC,2011
robot_repression_trend,NIC,2012
robot_repression_trend,NIC,2013
robot_repression_trend,NIC,2014
robot_repression_trend,NIC,2015
robot_repression_trend,NIC,2016
robot_repression_trend,NIC,2017
robot_repression_trend,NIC,2018
robot_repression_trend,NIC,2019
robot_repression_trend,NIC,2020
robot_repression_trend,NIC,2021
robot_repression_trend,PAN,1997
robot_repression_trend,PAN,1998
robot_repression_trend,PAN,1999
robot_repression_trend,PAN,2000
robot_repression_trend,PAN,2001
robot_repression_trend,PAN,2002
robot_repression_trend,PAN,2003
robot_repression_trend,PAN,2004
robot_repression_trend,PAN,2005
robot_repression_trend,PAN,2006
robot_repression_trend,PAN,2007
robot_repression_trend,PAN,2008
robot_repression_trend,PAN,2009
robot_repression_trend,PAN,2010
robot_repression_trend,PAN,2011
robot_repression_trend,PAN,2012
robot_repression_trend,PAN,2013
robot_repression_trend,PAN,2014
robot_repression_trend,PAN,2015
robot_repression_trend,PAN,2016
robot_repression_trend,PAN,2017
robot_repression_trend,PAN,2018
robot_repression_trend,PAN,2019
robot_repression_trend,PAN,2020
robot_repression_trend,PAN,2021
robot_repression_trend,PER,1997
robot_repression_trend,PER,1998
robot_repression_trend,PER,1999
robot_repression_trend,PER,2000
robot_repression_trend,PER,2001
robot_repression_trend,PER,2002
robot_repression_trend,PER,2003
robot_repression_trend,PER,2004
robot_repression_trend,PER,2005
robot_repression_trend,PER,2006
robot_repression_trend,PER,2007
robot_repression_trend,PER,2008
robot_repression_trend,PER,2009
robot_repression_trend,PER,2010
robot_repression_trend,PER,2011
robot_repression_trend,PER,2012
robot_repression_trend,PER,2013
robot_repression_trend,PER,2014
robot_repression_trend,PER,2015
robot_repression_trend,PER,2016
robot_repression_trend,PER,2017
robot_repression_trend,PER,2018
robot_repression_trend,PER,2019
robot_repression_trend,PER,2020
robot_repression_trend,PER,2021
robot_repression_trend,PRY,1997
robot_repression_trend,PRY,1998
robot_repression_trend,PRY,1999
robot_repression_trend,PRY,2000
robot_repression_trend,PRY,2001
robot_repression_trend,PRY,2002
robot_repression_trend,PRY,2003
robot_repression_trend,PRY,2004
robot_repression_trend,PRY,2005
robot_repression_trend,PRY,2006
robot_repression_trend,PRY,2007
robot_repression_trend,PRY,2008
robot_repression_trend,PRY,2009
robot_repression_trend,PRY,2010
robot_repression_trend,PRY,2011
robot_repression_trend,PRY,2012
robot_repression_trend,PRY,2013
robot_repression_trend,PRY,2014
robot_repression_trend,PRY,2015
robot_repression_trend,PRY,2016
robot_repression_trend,PRY,2017
robot_repression_trend,PRY,2018
robot_repression_trend,PRY,2019
robot_repression_trend,PRY,2020
robot_repression_trend,PRY,2021
robot_repression_trend,SLV,1997
robot_repression_trend,SLV,1998
robot_repression_trend,SLV,1999
robot_repression_trend,SLV,2000
robot_repression_trend,SLV,2001
robot_repression_trend,SLV,2002
robot_repression_trend,SLV,2003
robot_repression_trend,SLV,2004
robot_repression_trend,SLV,2005
robot_repression_trend,SLV,2006
robot_repression_trend,SLV,2007
robot_repression_trend,SLV,2008
robot_repression_trend,SLV,2009
robot_repression_trend,SLV,2010
robot_repression_trend,SLV,2011
robot_repression_trend,SLV,2012
robot_repression_trend,SLV,2013
robot_repression_trend,SLV,2014
robot_repression_trend,SLV,2015
robot_repression_trend,SLV,2016
robot_repression_trend,SLV,2017
robot_repression_trend,SLV,2018
robot_repression_trend,SLV,2019
robot_repression_trend,SLV,2020
robot_repression_trend,SLV,2021
robot_repression_trend,URY,1997
robot_repression_trend,URY,1998
robot_repression_trend,URY,1999
robot_repression_trend,URY,2000
robot_repression_trend,URY,2001
robot_repression_trend,URY,2002
robot_repression_trend,URY,2003
robot_repression_trend,URY,2004
robot_repression_trend,URY,2005
robot_repression_trend,URY,2006
robot_repression_trend,URY,2007
robot_repression_trend,URY,2008
robot_repression_trend,URY,2009
robot_repression_trend,URY,2010
robot_repression_trend,URY,2011
robot_repression_trend,URY,2012
robot_repression_trend,URY,2013
robot_repression_trend,URY,2014
robot_repression_trend,URY,2015
robot_repression_trend,URY,2016
robot_repression_trend,URY,2017
robot_repression_trend,URY,2018
robot_repression_trend,URY,2019
robot_repression_trend,URY,2020
robot_repression_trend,URY,2021
robot_repression_trend,VEN,1997
robot_repression_trend,VEN,1998
robot_repression_trend,VEN,1999
robot_repression_trend,VEN,2000
robot_repression_trend,VEN,2001
robot_repression_trend,VEN,2002
robot_repression_trend,VEN,2003
robot_repression_trend,VEN,2004
robot_repression_trend,VEN,2005
robot_repression_trend,VEN,2006
robot_repression_trend,VEN,2007
robot_repression_trend,VEN,2008
robot_repression_trend,VEN,2009
robot_repression_trend,VEN,2010
robot_repression_trend,VEN,2011
robot_repression_trend,VEN,2012
robot_repression_trend,VEN,2013
robot_repression_trend,VEN,2014
