iso3,country,year,summary_abs_red,draw_mean_abs_red,available_draws,mean_minus_summary,absolute_difference
ARG,Argentina,1990,2.0,0.3279254913330078,100,-1.6720745086669921,1.6720745086669921
ARG,Argentina,1991,2.2,0.7650079727172852,100,-1.434992027282715,1.434992027282715
ARG,Argentina,1992,2.4,0.9727708435058594,100,-1.4272291564941404,1.4272291564941404
ARG,Argentina,1993,2.5,0.9522717666625976,100,-1.5477282333374025,1.5477282333374025
ARG,Argentina,1994,2.4,0.8108777236938477,100,-1.5891222763061523,1.5891222763061523
ARG,Argentina,1995,2.2,0.750645866394043,100,-1.4493541336059572,1.4493541336059572
ARG,Argentina,1996,2.1,0.42124065399169924,100,-1.6787593460083008,1.6787593460083008
ARG,Argentina,1997,2.0,0.3439617919921875,100,-1.6560382080078124,1.6560382080078124
ARG,Argentina,1998,1.9,0.17685665130615236,100,-1.7231433486938474,1.7231433486938474
ARG,Argentina,1999,1.8,-0.012479515075683593,100,-1.8124795150756836,1.8124795150756836
ARG,Argentina,2000,1.7,-0.015150718688964844,100,-1.7151507186889647,1.7151507186889647
ARG,Argentina,2001,1.5,0.1458396530151367,100,-1.3541603469848633,1.3541603469848633
ARG,Argentina,2002,1.4,0.2446855926513672,100,-1.1553144073486328,1.1553144073486328
ARG,Argentina,2003,1.5,0.34480255126953124,100,-1.1551974487304688,1.1551974487304688
ARG,Argentina,2004,1.8,0.8704157638549804,100,-0.9295842361450196,0.9295842361450196
ARG,Argentina,2005,2.0,0.8959643173217774,100,-1.1040356826782225,1.1040356826782225
ARG,Argentina,2006,2.1,0.7185322570800782,100,-1.3814677429199218,1.3814677429199218
ARG,Argentina,2007,2.3,1.042650909423828,100,-1.2573490905761717,1.2573490905761717
ARG,Argentina,2008,2.5,1.0355102920532226,100,-1.4644897079467774,1.4644897079467774
ARG,Argentina,2009,2.4,1.1867918014526366,100,-1.2132081985473633,1.2132081985473633
ARG,Argentina,2010,2.5,1.3639633178710937,100,-1.1360366821289063,1.1360366821289063
ARG,Argentina,2011,2.6,1.2908293914794922,100,-1.309170608520508,1.309170608520508
ARG,Argentina,2012,2.7,1.5600768280029298,100,-1.1399231719970704,1.1399231719970704
ARG,Argentina,2013,2.6,1.4069017791748046,100,-1.1930982208251955,1.1930982208251955
ARG,Argentina,2014,2.6,1.3258886337280273,100,-1.2741113662719727,1.2741113662719727
ARG,Argentina,2015,2.6,1.2694103622436523,100,-1.3305896377563478,1.3305896377563478
ARG,Argentina,2016,2.5,1.1825588989257811,100,-1.3174411010742189,1.3174411010742189
ARG,Argentina,2017,2.4,0.8355689239501953,100,-1.5644310760498046,1.5644310760498046
ARG,Argentina,2018,2.2,0.5515229415893554,100,-1.6484770584106447,1.6484770584106447
ARG,Argentina,2019,2.0,0.4983740234375,100,-1.5016259765625,1.5016259765625
ARG,Argentina,2020,1.9,0.6067052459716797,100,-1.2932947540283202,1.2932947540283202
ARG,Argentina,2021,1.9,0.8503448295593262,100,-1.0496551704406736,1.0496551704406736
ARG,Argentina,2022,1.9,1.1262832641601563,100,-0.7737167358398436,0.7737167358398436
ARG,Argentina,2023,1.8,1.046481590270996,100,-0.753518409729004,0.753518409729004
ARG,Argentina,2024,1.6,0.8335779762268066,100,-0.7664220237731935,0.7664220237731935
BOL,Bolivia,1992,-1.2,-1.2270145034790039,100,-0.027014503479003915,0.027014503479003915
BOL,Bolivia,1993,-1.5,-1.4486276626586914,100,0.05137233734130864,0.05137233734130864
BOL,Bolivia,1994,-1.8,-1.8607357025146485,100,-0.06073570251464844,0.06073570251464844
BOL,Bolivia,1995,-2.0,-1.92759090423584,100,0.0724090957641601,0.0724090957641601
BOL,Bolivia,1996,-2.1,-2.1324707794189455,100,-0.032470779418945384,0.032470779418945384
BOL,Bolivia,1997,-2.3,-2.605023536682129,100,-0.3050235366821292,0.3050235366821292
BOL,Bolivia,1998,-2.6,-2.8007155990600587,100,-0.20071559906005865,0.20071559906005865
BOL,Bolivia,1999,-2.9,-3.0843010711669923,100,-0.18430107116699235,0.18430107116699235
BOL,Bolivia,2000,-3.2,-3.220939750671387,100,-0.020939750671386648,0.020939750671386648
BOL,Bolivia,2001,-3.0,-2.877856521606445,100,0.12214347839355488,0.12214347839355488
BOL,Bolivia,2002,-3.1,-2.827637405395508,100,0.2723625946044921,0.2723625946044921
BOL,Bolivia,2003,-3.0,-2.842913475036621,100,0.15708652496337905,0.15708652496337905
BOL,Bolivia,2004,-2.9,-2.8028929901123045,100,0.09710700988769538,0.09710700988769538
BOL,Bolivia,2005,-2.9,-2.8928521728515624,100,0.0071478271484375355,0.0071478271484375355
BOL,Bolivia,2006,-2.7,-2.7958368682861328,100,-0.09583686828613258,0.09583686828613258
BOL,Bolivia,2007,-2.4,-2.5813486480712893,100,-0.18134864807128936,0.18134864807128936
BOL,Bolivia,2008,-2.0,-2.0876407623291016,100,-0.08764076232910156,0.08764076232910156
BOL,Bolivia,2009,-1.7,-1.7303070068359374,100,-0.030307006835937456,0.030307006835937456
BOL,Bolivia,2010,-1.5,-1.5977631759643556,100,-0.09776317596435558,0.09776317596435558
BOL,Bolivia,2011,-1.4,-1.384330291748047,100,0.01566970825195302,0.01566970825195302
BOL,Bolivia,2012,-1.5,-1.3656494140625,100,0.13435058593750004,0.13435058593750004
BOL,Bolivia,2013,-1.7,-1.5049994659423829,100,0.19500053405761708,0.19500053405761708
BOL,Bolivia,2014,-1.8,-1.591899070739746,100,0.20810092926025403,0.20810092926025403
BOL,Bolivia,2015,-1.8,-1.6248884963989259,100,0.1751115036010742,0.1751115036010742
BOL,Bolivia,2016,-1.6,-1.7775391387939452,100,-0.17753913879394512,0.17753913879394512
BOL,Bolivia,2017,-1.6,-1.5807111358642578,100,0.019288864135742267,0.019288864135742267
BOL,Bolivia,2018,-1.3,-1.3394099044799805,100,-0.039409904479980495,0.039409904479980495
BOL,Bolivia,2019,-1.3,-1.1461119079589843,100,0.15388809204101572,0.15388809204101572
BOL,Bolivia,2020,-1.4,-1.215679931640625,100,0.18432006835937487,0.18432006835937487
BOL,Bolivia,2021,-1.2,-0.9125007629394531,100,0.2874992370605468,0.2874992370605468
BOL,Bolivia,2022,-1.3,-1.0698393630981444,100,0.23016063690185562,0.23016063690185562
BOL,Bolivia,2023,-1.4,-0.9936806869506836,100,0.40631931304931634,0.40631931304931634
BOL,Bolivia,2024,-1.3,-0.8063643646240234,100,0.49363563537597666,0.49363563537597666
BRA,Brazil,1990,3.6,3.5365834426879883,100,-0.06341655731201179,0.06341655731201179
BRA,Brazil,1991,4.3,4.092037467956543,100,-0.2079625320434566,0.2079625320434566
BRA,Brazil,1992,4.9,4.8749615097045895,100,-0.02503849029541083,0.02503849029541083
BRA,Brazil,1993,5.1,5.2017694854736325,100,0.10176948547363285,0.10176948547363285
BRA,Brazil,1994,5.2,5.295212364196777,100,0.09521236419677681,0.09521236419677681
BRA,Brazil,1995,5.1,5.093690643310547,100,-0.006309356689452983,0.006309356689452983
BRA,Brazil,1996,5.3,5.24002197265625,100,-0.059978027343749574,0.059978027343749574
BRA,Brazil,1997,5.5,5.480923728942871,100,-0.019076271057128835,0.019076271057128835
BRA,Brazil,1998,5.9,5.989156951904297,100,0.08915695190429673,0.08915695190429673
BRA,Brazil,1999,6.3,6.267174987792969,100,-0.032825012207030824,0.032825012207030824
BRA,Brazil,2000,6.9,6.943334655761719,100,0.043334655761718466,0.043334655761718466
BRA,Brazil,2001,7.5,7.451222267150879,100,-0.048777732849121236,0.048777732849121236
BRA,Brazil,2002,7.7,7.651750984191895,100,-0.048249015808105256,0.048249015808105256
BRA,Brazil,2003,8.2,8.223259391784667,100,0.023259391784668182,0.023259391784668182
BRA,Brazil,2004,8.3,8.33807846069336,100,0.03807846069335952,0.03807846069335952
BRA,Brazil,2005,8.6,8.63322723388672,100,0.03322723388671989,0.03322723388671989
BRA,Brazil,2006,9.0,9.095399360656739,100,0.09539936065673871,0.09539936065673871
BRA,Brazil,2007,9.5,9.541168785095214,100,0.04116878509521449,0.04116878509521449
BRA,Brazil,2008,9.4,9.302213554382325,100,-0.09778644561767535,0.09778644561767535
BRA,Brazil,2009,9.5,9.468997383117676,100,-0.031002616882323863,0.031002616882323863
BRA,Brazil,2010,10.0,10.00211082458496,100,0.002110824584960369,0.002110824584960369
BRA,Brazil,2011,10.5,10.498010902404785,100,-0.0019890975952154832,0.0019890975952154832
BRA,Brazil,2012,10.8,10.809021911621095,100,0.009021911621093892,0.009021911621093892
BRA,Brazil,2013,11.0,11.010108489990234,100,0.010108489990233949,0.010108489990233949
BRA,Brazil,2014,11.0,10.97957202911377,100,-0.02042797088622983,0.02042797088622983
BRA,Brazil,2015,11.3,11.31530014038086,100,0.015300140380858807,0.015300140380858807
BRA,Brazil,2016,11.4,11.445629386901855,100,0.045629386901854474,0.045629386901854474
BRA,Brazil,2017,11.7,11.579588851928712,100,-0.1204111480712875,0.1204111480712875
BRA,Brazil,2018,11.9,11.877014274597167,100,-0.022985725402833168,0.022985725402833168
BRA,Brazil,2019,12.4,12.522533645629883,100,0.12253364562988267,0.12253364562988267
BRA,Brazil,2020,15.0,15.060913047790528,100,0.060913047790528196,0.060913047790528196
BRA,Brazil,2021,14.0,13.946132965087891,100,-0.05386703491210909,0.05386703491210909
BRA,Brazil,2022,13.3,13.391604080200196,100,0.09160408020019517,0.09160408020019517
BRA,Brazil,2023,12.5,12.426899871826173,100,-0.07310012817382727,0.07310012817382727
BRA,Brazil,2024,12.4,12.267952690124512,100,-0.13204730987548885,0.13204730987548885
CHL,Chile,1990,4.4,4.434984130859375,100,0.034984130859374574,0.034984130859374574
CHL,Chile,1991,4.4,4.453564872741699,100,0.05356487274169908,0.05356487274169908
CHL,Chile,1992,4.3,4.1675074005126955,100,-0.1324925994873043,0.1324925994873043
CHL,Chile,1993,4.2,4.262565422058105,100,0.06256542205810511,0.06256542205810511
CHL,Chile,1994,4.2,4.041317710876465,100,-0.15868228912353555,0.15868228912353555
CHL,Chile,1995,4.2,3.8304816055297852,100,-0.36951839447021495,0.36951839447021495
CHL,Chile,1996,4.2,3.931953773498535,100,-0.26804622650146515,0.26804622650146515
CHL,Chile,1997,4.2,3.6718795776367186,100,-0.5281204223632816,0.5281204223632816
CHL,Chile,1998,4.3,3.7613571166992186,100,-0.5386428833007812,0.5386428833007812
CHL,Chile,1999,4.5,3.601452407836914,100,-0.8985475921630859,0.8985475921630859
CHL,Chile,2000,4.6,3.8630236434936522,100,-0.7369763565063474,0.7369763565063474
CHL,Chile,2001,4.6,3.9111234664916994,100,-0.6888765335083002,0.6888765335083002
CHL,Chile,2002,4.6,4.074633178710937,100,-0.5253668212890625,0.5253668212890625
CHL,Chile,2003,4.6,4.273152580261231,100,-0.32684741973876896,0.32684741973876896
CHL,Chile,2004,4.6,4.238276176452636,100,-0.3617238235473632,0.3617238235473632
CHL,Chile,2005,4.7,4.557574081420898,100,-0.14242591857910192,0.14242591857910192
CHL,Chile,2006,4.7,4.634817695617675,100,-0.06518230438232475,0.06518230438232475
CHL,Chile,2007,5.0,4.9882462692260745,100,-0.011753730773925497,0.011753730773925497
CHL,Chile,2008,5.3,5.619407501220703,100,0.31940750122070316,0.31940750122070316
CHL,Chile,2009,5.6,5.8004719924926755,100,0.2004719924926759,0.2004719924926759
CHL,Chile,2010,5.8,5.785392265319825,100,-0.014607734680175177,0.014607734680175177
CHL,Chile,2011,5.9,5.863601875305176,100,-0.036398124694824396,0.036398124694824396
CHL,Chile,2012,5.9,5.992466773986816,100,0.09246677398681591,0.09246677398681591
CHL,Chile,2013,6.0,6.015802421569824,100,0.015802421569824254,0.015802421569824254
CHL,Chile,2014,6.0,5.892729873657227,100,-0.10727012634277333,0.10727012634277333
CHL,Chile,2015,6.0,6.000137062072754,100,0.00013706207275365756,0.00013706207275365756
CHL,Chile,2016,6.0,5.979595184326172,100,-0.020404815673828125,0.020404815673828125
CHL,Chile,2017,6.0,5.764452438354493,100,-0.2355475616455074,0.2355475616455074
CHL,Chile,2018,5.5,5.3469413375854495,100,-0.15305866241455046,0.15305866241455046
CHL,Chile,2019,5.1,5.071917304992676,100,-0.028082695007324077,0.028082695007324077
CHL,Chile,2020,4.7,4.866700515747071,100,0.16670051574707045,0.16670051574707045
CHL,Chile,2021,5.0,4.962418403625488,100,-0.03758159637451186,0.03758159637451186
CHL,Chile,2022,5.2,5.27091609954834,100,0.07091609954833977,0.07091609954833977
CHL,Chile,2023,5.3,5.205353927612305,100,-0.09464607238769496,0.09464607238769496
CHL,Chile,2024,5.4,5.401797981262207,100,0.0017979812622064273,0.0017979812622064273
COL,Colombia,1990,1.1,1.027679557800293,100,-0.07232044219970701,0.07232044219970701
COL,Colombia,1991,1.3,1.6249699020385742,100,0.3249699020385741,0.3249699020385741
COL,Colombia,1992,1.5,1.8049404525756836,100,0.3049404525756836,0.3049404525756836
COL,Colombia,1993,1.5,1.7993203353881837,100,0.2993203353881837,0.2993203353881837
COL,Colombia,1994,1.4,1.6633651733398438,100,0.2633651733398439,0.2633651733398439
COL,Colombia,1995,1.5,1.6967797470092774,100,0.19677974700927736,0.19677974700927736
COL,Colombia,1996,1.6,1.695796585083008,100,0.09579658508300781,0.09579658508300781
COL,Colombia,1997,1.7,1.9236918258666993,100,0.22369182586669933,0.22369182586669933
COL,Colombia,1998,1.6,1.9004521942138672,100,0.30045219421386715,0.30045219421386715
COL,Colombia,1999,1.7,1.6111525344848632,100,-0.08884746551513678,0.08884746551513678
COL,Colombia,2000,1.6,1.6605614089965821,100,0.06056140899658202,0.06056140899658202
COL,Colombia,2001,1.6,1.6216436004638672,100,0.021643600463867152,0.021643600463867152
COL,Colombia,2002,1.4,1.351507682800293,100,-0.048492317199706925,0.048492317199706925
COL,Colombia,2003,1.3,1.3684779739379882,100,0.06847797393798816,0.06847797393798816
COL,Colombia,2004,1.3,1.3089562606811525,100,0.008956260681152406,0.008956260681152406
COL,Colombia,2005,1.3,1.2910311508178711,100,-0.008968849182128924,0.008968849182128924
COL,Colombia,2006,1.2,1.303574562072754,100,0.10357456207275395,0.10357456207275395
COL,Colombia,2007,1.8,1.8066878890991211,100,0.006687889099121103,0.006687889099121103
COL,Colombia,2008,2.1,2.0423742294311524,100,-0.057625770568847656,0.057625770568847656
COL,Colombia,2009,2.3,2.2861851119995116,100,-0.013814888000488246,0.013814888000488246
COL,Colombia,2010,2.6,2.5357019805908205,100,-0.06429801940917956,0.06429801940917956
COL,Colombia,2011,2.7,2.6793344497680662,100,-0.02066555023193395,0.02066555023193395
COL,Colombia,2012,2.7,2.6595526504516602,100,-0.04044734954833995,0.04044734954833995
COL,Colombia,2013,2.9,2.8372776031494142,100,-0.06272239685058567,0.06272239685058567
COL,Colombia,2014,3.1,3.0747228622436524,100,-0.025277137756347656,0.025277137756347656
COL,Colombia,2015,3.1,3.1374399566650393,100,0.03743995666503919,0.03743995666503919
COL,Colombia,2016,3.1,3.0949692916870117,100,-0.005030708312988352,0.005030708312988352
COL,Colombia,2017,2.9,3.035798454284668,100,0.13579845428466797,0.13579845428466797
COL,Colombia,2018,3.0,3.0019733810424807,100,0.001973381042480682,0.001973381042480682
COL,Colombia,2019,3.1,3.062614402770996,100,-0.03738559722900403,0.03738559722900403
COL,Colombia,2020,3.4,3.2178648376464842,100,-0.18213516235351568,0.18213516235351568
COL,Colombia,2021,4.2,4.151784591674804,100,-0.048215408325195774,0.048215408325195774
COL,Colombia,2022,4.3,4.377511405944825,100,0.07751140594482475,0.07751140594482475
COL,Colombia,2023,4.4,4.228121910095215,100,-0.17187808990478537,0.17187808990478537
COL,Colombia,2024,4.3,4.164039764404297,100,-0.1359602355957028,0.1359602355957028
CRI,Costa Rica,1990,3.9,4.0404736328125,100,0.1404736328124998,0.1404736328124998
CRI,Costa Rica,1991,3.9,3.9352805328369143,100,0.03528053283691435,0.03528053283691435
CRI,Costa Rica,1992,3.9,4.0678299713134765,100,0.16782997131347654,0.16782997131347654
CRI,Costa Rica,1993,4.0,4.10704475402832,100,0.10704475402831992,0.10704475402831992
CRI,Costa Rica,1994,4.0,4.114779739379883,100,0.11477973937988306,0.11477973937988306
CRI,Costa Rica,1995,4.1,4.122926406860351,100,0.022926406860351634,0.022926406860351634
CRI,Costa Rica,1996,4.2,4.350345916748047,100,0.15034591674804698,0.15034591674804698
CRI,Costa Rica,1997,4.2,4.327539176940918,100,0.12753917694091754,0.12753917694091754
CRI,Costa Rica,1998,4.3,4.115616569519043,100,-0.18438343048095707,0.18438343048095707
CRI,Costa Rica,1999,4.2,4.063348236083985,100,-0.1366517639160154,0.1366517639160154
CRI,Costa Rica,2000,4.0,3.9976322937011717,100,-0.0023677062988283204,0.0023677062988283204
CRI,Costa Rica,2001,3.8,3.8867916107177733,100,0.08679161071777353,0.08679161071777353
CRI,Costa Rica,2002,3.8,3.923298187255859,100,0.12329818725585939,0.12329818725585939
CRI,Costa Rica,2003,4.1,4.19782039642334,100,0.09782039642333995,0.09782039642333995
CRI,Costa Rica,2004,4.2,4.377501182556152,100,0.17750118255615188,0.17750118255615188
CRI,Costa Rica,2005,4.3,4.607019920349121,100,0.30701992034912085,0.30701992034912085
CRI,Costa Rica,2006,4.3,4.689166336059571,100,0.38916633605957074,0.38916633605957074
CRI,Costa Rica,2007,4.4,4.694503669738769,100,0.29450366973876907,0.29450366973876907
CRI,Costa Rica,2008,4.4,4.722382583618164,100,0.32238258361816374,0.32238258361816374
CRI,Costa Rica,2009,4.4,4.711478157043457,100,0.3114781570434566,0.3114781570434566
CRI,Costa Rica,2010,4.6,5.094060821533203,100,0.4940608215332034,0.4940608215332034
CRI,Costa Rica,2011,4.6,4.926552810668945,100,0.3265528106689457,0.3265528106689457
CRI,Costa Rica,2012,4.6,4.777385940551758,100,0.17738594055175838,0.17738594055175838
CRI,Costa Rica,2013,4.5,4.761959648132324,100,0.26195964813232386,0.26195964813232386
CRI,Costa Rica,2014,4.6,4.896201477050782,100,0.2962014770507819,0.2962014770507819
CRI,Costa Rica,2015,4.6,4.958170280456543,100,0.35817028045654364,0.35817028045654364
CRI,Costa Rica,2016,4.6,4.919447898864746,100,0.31944789886474645,0.31944789886474645
CRI,Costa Rica,2017,4.6,5.031358413696289,100,0.43135841369628913,0.43135841369628913
CRI,Costa Rica,2018,4.6,5.091155891418457,100,0.4911558914184573,0.4911558914184573
CRI,Costa Rica,2019,4.5,4.948808822631836,100,0.4488088226318361,0.4488088226318361
CRI,Costa Rica,2020,4.4,4.684215927124024,100,0.28421592712402344,0.28421592712402344
CRI,Costa Rica,2021,4.4,4.805163612365723,100,0.4051636123657225,0.4051636123657225
CRI,Costa Rica,2022,4.6,5.082251510620117,100,0.4822515106201175,0.4822515106201175
CRI,Costa Rica,2023,4.6,5.165652885437011,100,0.5656528854370118,0.5656528854370118
CRI,Costa Rica,2024,4.8,5.386379814147949,100,0.586379814147949,0.586379814147949
DOM,Dominican Republic,1990,2.3,1.9006023788452149,100,-0.39939762115478494,0.39939762115478494
DOM,Dominican Republic,1991,2.3,2.0712725830078127,100,-0.22872741699218713,0.22872741699218713
DOM,Dominican Republic,1992,2.2,1.952291145324707,100,-0.24770885467529324,0.24770885467529324
DOM,Dominican Republic,1993,2.3,2.2216508102416994,100,-0.07834918975830041,0.07834918975830041
DOM,Dominican Republic,1994,2.3,2.5057100296020507,100,0.20571002960205087,0.20571002960205087
DOM,Dominican Republic,1995,2.4,2.8408535003662108,100,0.44085350036621085,0.44085350036621085
DOM,Dominican Republic,1996,2.3,3.0366025161743164,100,0.7366025161743166,0.7366025161743166
DOM,Dominican Republic,1997,2.1,2.6879067611694336,100,0.5879067611694335,0.5879067611694335
DOM,Dominican Republic,1998,1.9,2.7109840393066404,100,0.8109840393066405,0.8109840393066405
DOM,Dominican Republic,1999,1.7,2.4671825790405273,100,0.7671825790405273,0.7671825790405273
DOM,Dominican Republic,2000,1.4,2.2571873092651367,100,0.8571873092651368,0.8571873092651368
DOM,Dominican Republic,2001,1.6,2.4359867095947267,100,0.8359867095947267,0.8359867095947267
DOM,Dominican Republic,2002,1.6,2.5079305267333982,100,0.9079305267333981,0.9079305267333981
DOM,Dominican Republic,2003,1.3,2.070480613708496,100,0.7704806137084959,0.7704806137084959
DOM,Dominican Republic,2004,1.2,2.0725270080566407,100,0.8725270080566407,0.8725270080566407
DOM,Dominican Republic,2005,1.3,2.24205020904541,100,0.9420502090454101,0.9420502090454101
DOM,Dominican Republic,2006,0.8,1.7527191162109375,100,0.9527191162109374,0.9527191162109374
DOM,Dominican Republic,2007,1.3,2.3735914993286134,100,1.0735914993286133,1.0735914993286133
DOM,Dominican Republic,2008,1.8,2.9774152755737306,100,1.1774152755737306,1.1774152755737306
DOM,Dominican Republic,2009,1.9,2.823131446838379,100,0.9231314468383789,0.9231314468383789
DOM,Dominican Republic,2010,2.0,2.717892723083496,100,0.7178927230834962,0.7178927230834962
DOM,Dominican Republic,2011,1.9,2.4793018341064452,100,0.5793018341064453,0.5793018341064453
DOM,Dominican Republic,2012,1.9,2.361474914550781,100,0.46147491455078127,0.46147491455078127
DOM,Dominican Republic,2013,1.7,2.2472293090820314,100,0.5472293090820315,0.5472293090820315
DOM,Dominican Republic,2014,1.8,2.5982978439331053,100,0.7982978439331052,0.7982978439331052
DOM,Dominican Republic,2015,1.6,2.309799118041992,100,0.709799118041992,0.709799118041992
DOM,Dominican Republic,2016,1.7,2.4372095489501953,100,0.7372095489501953,0.7372095489501953
DOM,Dominican Republic,2017,1.7,2.6104848861694334,100,0.9104848861694335,0.9104848861694335
DOM,Dominican Republic,2018,1.6,2.29496337890625,100,0.6949633789062499,0.6949633789062499
DOM,Dominican Republic,2019,1.6,2.438335075378418,100,0.838335075378418,0.838335075378418
DOM,Dominican Republic,2020,1.9,2.98669864654541,100,1.0866986465454103,1.0866986465454103
DOM,Dominican Republic,2021,2.2,2.9634549713134763,100,0.7634549713134762,0.7634549713134762
DOM,Dominican Republic,2022,2.3,3.208912200927734,100,0.9089122009277344,0.9089122009277344
DOM,Dominican Republic,2023,2.1,2.9423587036132814,100,0.8423587036132814,0.8423587036132814
DOM,Dominican Republic,2024,1.8,2.601909866333008,100,0.801909866333008,0.801909866333008
ECU,Ecuador,1994,-0.9,-1.8811053085327147,100,-0.9811053085327147,0.9811053085327147
ECU,Ecuador,1995,-0.8,-1.9466360473632813,100,-1.1466360473632813,1.1466360473632813
ECU,Ecuador,1996,-0.9,-2.252040023803711,100,-1.3520400238037111,1.3520400238037111
ECU,Ecuador,1997,-1.0,-2.2532797622680665,100,-1.2532797622680665,1.2532797622680665
ECU,Ecuador,1998,-0.9,-2.4519535446166993,100,-1.5519535446166994,1.5519535446166994
ECU,Ecuador,1999,-1.1,-2.666831817626953,100,-1.566831817626953,1.566831817626953
ECU,Ecuador,2000,-1.0,-2.648587226867676,100,-1.6485872268676758,1.6485872268676758
ECU,Ecuador,2001,-0.9,-2.587412033081055,100,-1.687412033081055,1.687412033081055
ECU,Ecuador,2002,-0.8,-2.239068374633789,100,-1.439068374633789,1.439068374633789
ECU,Ecuador,2003,-0.8,-2.411773986816406,100,-1.611773986816406,1.611773986816406
ECU,Ecuador,2004,-0.7,-2.317710113525391,100,-1.6177101135253908,1.6177101135253908
ECU,Ecuador,2005,-0.7,-2.0780843353271483,100,-1.3780843353271484,1.3780843353271484
ECU,Ecuador,2006,-0.6,-1.8911549377441406,100,-1.2911549377441407,1.2911549377441407
ECU,Ecuador,2007,-0.6,-1.7103679275512695,100,-1.1103679275512697,1.1103679275512697
ECU,Ecuador,2008,-0.4,-1.6097309112548828,100,-1.2097309112548826,1.2097309112548826
ECU,Ecuador,2009,-0.2,-1.3523077392578124,100,-1.1523077392578125,1.1523077392578125
ECU,Ecuador,2010,-0.2,-1.1827616500854492,100,-0.9827616500854492,0.9827616500854492
ECU,Ecuador,2011,0.1,-1.0025032424926759,100,-1.102503242492676,1.102503242492676
ECU,Ecuador,2012,0.2,-0.7585018920898438,100,-0.9585018920898438,0.9585018920898438
ECU,Ecuador,2013,0.1,-0.9760010528564453,100,-1.0760010528564454,1.0760010528564454
ECU,Ecuador,2014,0.1,-1.0714080810546875,100,-1.1714080810546876,1.1714080810546876
ECU,Ecuador,2015,0.0,-1.211566276550293,100,-1.211566276550293,1.211566276550293
ECU,Ecuador,2016,0.0,-1.1588245010375977,100,-1.1588245010375977,1.1588245010375977
ECU,Ecuador,2017,-0.1,-1.2282223510742187,100,-1.1282223510742186,1.1282223510742186
ECU,Ecuador,2018,-0.2,-1.4463590240478517,100,-1.2463590240478517,1.2463590240478517
ECU,Ecuador,2019,-0.4,-1.4340799713134766,100,-1.0340799713134765,1.0340799713134765
ECU,Ecuador,2020,-0.5,-1.6890376663208009,100,-1.1890376663208009,1.1890376663208009
ECU,Ecuador,2021,-0.5,-1.4949946212768555,100,-0.9949946212768555,0.9949946212768555
ECU,Ecuador,2022,-0.3,-1.3664835357666016,100,-1.0664835357666016,1.0664835357666016
ECU,Ecuador,2023,-0.3,-1.2996550369262696,100,-0.9996550369262696,0.9996550369262696
ECU,Ecuador,2024,-0.2,-1.2663855743408203,100,-1.0663855743408204,1.0663855743408204
GTM,Guatemala,1990,3.0,3.3284312438964845,100,0.3284312438964845,0.3284312438964845
GTM,Guatemala,1991,3.0,3.5755723571777343,100,0.5755723571777343,0.5755723571777343
GTM,Guatemala,1992,3.0,3.3551344680786133,100,0.35513446807861326,0.35513446807861326
GTM,Guatemala,1993,3.0,3.5211357498168945,100,0.5211357498168945,0.5211357498168945
GTM,Guatemala,1994,3.0,3.6638366317749025,100,0.6638366317749025,0.6638366317749025
GTM,Guatemala,1995,3.0,3.586657752990723,100,0.5866577529907229,0.5866577529907229
GTM,Guatemala,1996,3.0,3.6387370300292967,100,0.6387370300292967,0.6387370300292967
GTM,Guatemala,1997,3.1,3.7755612564086913,100,0.6755612564086912,0.6755612564086912
GTM,Guatemala,1998,3.0,3.90165470123291,100,0.9016547012329101,0.9016547012329101
GTM,Guatemala,1999,3.0,3.581998748779297,100,0.5819987487792968,0.5819987487792968
GTM,Guatemala,2000,2.9,3.2719676208496096,100,0.37196762084960966,0.37196762084960966
GTM,Guatemala,2001,2.7,2.997188911437988,100,0.297188911437988,0.297188911437988
GTM,Guatemala,2002,2.6,2.689575653076172,100,0.08957565307617177,0.08957565307617177
GTM,Guatemala,2003,3.0,3.1969854736328127,100,0.1969854736328127,0.1969854736328127
GTM,Guatemala,2004,3.5,3.831475296020508,100,0.33147529602050785,0.33147529602050785
GTM,Guatemala,2005,3.4,3.589135971069336,100,0.18913597106933588,0.18913597106933588
GTM,Guatemala,2006,3.2,3.3631350708007814,100,0.16313507080078127,0.16313507080078127
GTM,Guatemala,2007,3.2,3.14752628326416,100,-0.052473716735840004,0.052473716735840004
GTM,Guatemala,2008,3.2,3.0287586212158204,100,-0.17124137878417978,0.17124137878417978
GTM,Guatemala,2009,3.1,2.9240165328979493,100,-0.17598346710205082,0.17598346710205082
GTM,Guatemala,2010,3.1,2.6241756439208985,100,-0.47582435607910156,0.47582435607910156
GTM,Guatemala,2011,3.1,2.775512809753418,100,-0.324487190246582,0.324487190246582
GTM,Guatemala,2012,2.9,2.8149079132080077,100,-0.0850920867919922,0.0850920867919922
GTM,Guatemala,2013,2.9,2.869662208557129,100,-0.030337791442871076,0.030337791442871076
GTM,Guatemala,2014,2.8,2.7795901489257813,100,-0.020409851074218555,0.020409851074218555
GTM,Guatemala,2015,2.9,2.649848976135254,100,-0.25015102386474597,0.25015102386474597
GTM,Guatemala,2016,3.0,2.6914398956298826,100,-0.3085601043701174,0.3085601043701174
GTM,Guatemala,2017,3.1,2.7361006546020508,100,-0.3638993453979493,0.3638993453979493
GTM,Guatemala,2018,3.2,2.9726453399658204,100,-0.2273546600341798,0.2273546600341798
GTM,Guatemala,2019,3.3,2.868006477355957,100,-0.431993522644043,0.431993522644043
GTM,Guatemala,2020,3.4,3.1111159133911133,100,-0.28888408660888665,0.28888408660888665
GTM,Guatemala,2021,3.6,3.483025016784668,100,-0.11697498321533217,0.11697498321533217
GTM,Guatemala,2022,3.6,3.521694107055664,100,-0.0783058929443361,0.0783058929443361
GTM,Guatemala,2023,3.7,3.6833261108398436,100,-0.016673889160156552,0.016673889160156552
HND,Honduras,1990,-0.2,0.27980037689208986,100,0.4798003768920899,0.4798003768920899
HND,Honduras,1991,-0.3,-0.036916351318359374,100,0.26308364868164064,0.26308364868164064
HND,Honduras,1992,-0.5,-0.2746692657470703,100,0.2253307342529297,0.2253307342529297
HND,Honduras,1993,-0.6,-0.6326168441772461,100,-0.032616844177246085,0.032616844177246085
HND,Honduras,1994,-0.7,-0.8189680862426758,100,-0.11896808624267585,0.11896808624267585
HND,Honduras,1995,-0.9,-0.8600589370727539,100,0.039941062927246085,0.039941062927246085
HND,Honduras,1996,-0.9,-0.9953095626831054,100,-0.09530956268310542,0.09530956268310542
HND,Honduras,1997,-1.1,-1.227314567565918,100,-0.12731456756591797,0.12731456756591797
HND,Honduras,1998,-1.2,-1.4607862091064454,100,-0.26078620910644545,0.26078620910644545
HND,Honduras,1999,-1.3,-1.5605657196044922,100,-0.26056571960449215,0.26056571960449215
HND,Honduras,2000,-1.4,-1.7794187545776368,100,-0.37941875457763685,0.37941875457763685
HND,Honduras,2001,-1.6,-1.9143154907226563,100,-0.3143154907226562,0.3143154907226562
HND,Honduras,2002,-1.7,-2.2593430709838866,100,-0.5593430709838867,0.5593430709838867
HND,Honduras,2003,-2.0,-2.565760269165039,100,-0.5657602691650392,0.5657602691650392
HND,Honduras,2004,-2.1,-2.550180740356445,100,-0.45018074035644506,0.45018074035644506
HND,Honduras,2005,-2.3,-2.5232371139526366,100,-0.2232371139526368,0.2232371139526368
HND,Honduras,2006,-2.1,-2.251521339416504,100,-0.15152133941650403,0.15152133941650403
HND,Honduras,2007,-1.9,-2.058901100158691,100,-0.1589011001586913,0.1589011001586913
HND,Honduras,2008,-1.8,-1.7348057174682616,100,0.06519428253173842,0.06519428253173842
HND,Honduras,2009,-1.4,-1.493250617980957,100,-0.09325061798095713,0.09325061798095713
HND,Honduras,2010,-1.4,-1.6944377517700195,100,-0.29443775177001963,0.29443775177001963
HND,Honduras,2011,-1.3,-1.6220795440673828,100,-0.3220795440673827,0.3220795440673827
HND,Honduras,2012,-1.4,-1.4984318542480468,100,-0.0984318542480469,0.0984318542480469
HND,Honduras,2013,-1.2,-1.4132776641845703,100,-0.2132776641845704,0.2132776641845704
HND,Honduras,2014,-1.1,-0.9007994079589844,100,0.1992005920410157,0.1992005920410157
HND,Honduras,2015,-1.1,-0.8772843551635742,100,0.22271564483642592,0.22271564483642592
HND,Honduras,2016,-1.1,-1.0298261642456055,100,0.07017383575439462,0.07017383575439462
HND,Honduras,2017,-1.2,-1.0466382217407226,100,0.15336177825927733,0.15336177825927733
HND,Honduras,2018,-1.2,-1.0209624099731445,100,0.1790375900268555,0.1790375900268555
HND,Honduras,2019,-1.1,-1.1170600128173829,100,-0.017060012817382786,0.017060012817382786
HND,Honduras,2020,-1.0,-0.8099951171875,100,0.19000488281250005,0.19000488281250005
HND,Honduras,2021,-1.0,-0.5792588424682618,100,0.42074115753173824,0.42074115753173824
HND,Honduras,2022,-0.8,-0.5384910583496094,100,0.2615089416503906,0.2615089416503906
HND,Honduras,2023,-0.8,-0.6310047912597656,100,0.16899520874023444,0.16899520874023444
HND,Honduras,2024,-0.8,-0.3440412139892578,100,0.45595878601074225,0.45595878601074225
MEX,Mexico,1990,0.8,0.5426210784912109,100,-0.25737892150878916,0.25737892150878916
MEX,Mexico,1991,0.8,0.4156491470336914,100,-0.38435085296630866,0.38435085296630866
MEX,Mexico,1992,0.8,0.4979890823364258,100,-0.30201091766357424,0.30201091766357424
MEX,Mexico,1993,1.0,0.7300836944580078,100,-0.2699163055419922,0.2699163055419922
MEX,Mexico,1994,1.0,0.8312673950195313,100,-0.16873260498046871,0.16873260498046871
MEX,Mexico,1995,1.0,1.0041724395751954,100,0.004172439575195419,0.004172439575195419
MEX,Mexico,1996,1.0,1.099645004272461,100,0.09964500427246104,0.09964500427246104
MEX,Mexico,1997,1.1,1.1616987228393554,100,0.06169872283935529,0.06169872283935529
MEX,Mexico,1998,1.1,1.1295252227783203,100,0.02952522277832026,0.02952522277832026
MEX,Mexico,1999,1.2,1.271094093322754,100,0.07109409332275396,0.07109409332275396
MEX,Mexico,2000,1.1,1.042211456298828,100,-0.057788543701172035,0.057788543701172035
MEX,Mexico,2001,1.3,1.1631354522705077,100,-0.1368645477294923,0.1368645477294923
MEX,Mexico,2002,1.5,1.3447545623779298,100,-0.15524543762207021,0.15524543762207021
MEX,Mexico,2003,1.6,1.438257598876953,100,-0.16174240112304705,0.16174240112304705
MEX,Mexico,2004,1.7,1.5965701293945314,100,-0.1034298706054686,0.1034298706054686
MEX,Mexico,2005,1.6,1.6148905181884765,100,0.01489051818847642,0.01489051818847642
MEX,Mexico,2006,1.6,1.5986906814575195,100,-0.0013093185424806197,0.0013093185424806197
MEX,Mexico,2007,1.7,1.6974706268310547,100,-0.0025293731689453036,0.0025293731689453036
MEX,Mexico,2008,1.9,1.7563917541503906,100,-0.1436082458496093,0.1436082458496093
MEX,Mexico,2009,2.0,1.9707491683959961,100,-0.02925083160400388,0.02925083160400388
MEX,Mexico,2010,2.2,2.2793727493286133,100,0.07937274932861316,0.07937274932861316
MEX,Mexico,2011,2.2,2.163173408508301,100,-0.0368265914916992,0.0368265914916992
MEX,Mexico,2012,2.3,2.288538703918457,100,-0.011461296081543004,0.011461296081543004
MEX,Mexico,2013,2.4,2.655131530761719,100,0.255131530761719,0.255131530761719
MEX,Mexico,2014,2.5,2.5619858169555663,100,0.061985816955566264,0.061985816955566264
MEX,Mexico,2015,2.5,2.579323310852051,100,0.0793233108520508,0.0793233108520508
MEX,Mexico,2016,2.5,2.5855149841308593,100,0.08551498413085934,0.08551498413085934
MEX,Mexico,2017,2.4,2.3348498916625977,100,-0.0651501083374022,0.0651501083374022
MEX,Mexico,2018,2.4,2.385104064941406,100,-0.014895935058593768,0.014895935058593768
MEX,Mexico,2019,2.4,2.4800370788574218,100,0.08003707885742184,0.08003707885742184
MEX,Mexico,2020,2.6,2.591830406188965,100,-0.008169593811035103,0.008169593811035103
MEX,Mexico,2021,2.7,2.7419686126708984,100,0.04196861267089824,0.04196861267089824
MEX,Mexico,2022,2.8,2.837993278503418,100,0.03799327850341827,0.03799327850341827
MEX,Mexico,2023,2.8,2.849336738586426,100,0.049336738586426065,0.049336738586426065
MEX,Mexico,2024,2.9,2.706417121887207,100,-0.19358287811279284,0.19358287811279284
NIC,Nicaragua,1993,3.4,3.6687767791748045,100,0.2687767791748046,0.2687767791748046
NIC,Nicaragua,1994,3.4,3.712584457397461,100,0.312584457397461,0.312584457397461
NIC,Nicaragua,1995,3.6,3.856035614013672,100,0.2560356140136717,0.2560356140136717
NIC,Nicaragua,1996,3.6,3.9946428680419923,100,0.3946428680419922,0.3946428680419922
NIC,Nicaragua,1997,3.8,4.057412605285645,100,0.25741260528564514,0.25741260528564514
NIC,Nicaragua,1998,3.9,4.372803535461426,100,0.47280353546142573,0.47280353546142573
NIC,Nicaragua,1999,4.0,4.396637496948242,100,0.3966374969482418,0.3966374969482418
NIC,Nicaragua,2000,4.1,4.484061775207519,100,0.3840617752075195,0.3840617752075195
NIC,Nicaragua,2001,4.3,4.585088043212891,100,0.28508804321289105,0.28508804321289105
NIC,Nicaragua,2002,4.5,4.9536951065063475,100,0.4536951065063475,0.4536951065063475
NIC,Nicaragua,2003,4.7,4.9468123245239255,100,0.24681232452392532,0.24681232452392532
NIC,Nicaragua,2004,4.8,5.019326362609863,100,0.2193263626098636,0.2193263626098636
NIC,Nicaragua,2005,5.0,5.230357093811035,100,0.23035709381103509,0.23035709381103509
NIC,Nicaragua,2006,5.2,5.405751342773438,100,0.20575134277343743,0.20575134277343743
NIC,Nicaragua,2007,5.5,5.535045013427735,100,0.035045013427734695,0.035045013427734695
NIC,Nicaragua,2008,5.7,5.6148249053955075,100,-0.08517509460449268,0.08517509460449268
NIC,Nicaragua,2009,5.9,5.758547439575195,100,-0.14145256042480536,0.14145256042480536
NIC,Nicaragua,2010,5.8,5.813395767211914,100,0.013395767211914489,0.013395767211914489
NIC,Nicaragua,2011,5.8,5.5932778549194335,100,-0.2067221450805663,0.2067221450805663
NIC,Nicaragua,2012,5.6,5.488740158081055,100,-0.11125984191894478,0.11125984191894478
NIC,Nicaragua,2013,5.6,5.413024444580078,100,-0.18697555541992195,0.18697555541992195
NIC,Nicaragua,2014,5.5,5.34909652709961,100,-0.1509034729003904,0.1509034729003904
PAN,Panama,1990,3.0,2.8812895584106446,100,-0.1187104415893554,0.1187104415893554
PAN,Panama,1991,3.1,2.9094063568115236,100,-0.1905936431884765,0.1905936431884765
PAN,Panama,1992,3.1,3.1233045196533205,100,0.023304519653320366,0.023304519653320366
PAN,Panama,1993,3.2,3.114123611450195,100,-0.08587638854980506,0.08587638854980506
PAN,Panama,1994,3.2,3.2189167404174803,100,0.01891674041748015,0.01891674041748015
PAN,Panama,1995,3.2,3.316502151489258,100,0.11650215148925769,0.11650215148925769
PAN,Panama,1996,3.2,3.266746482849121,100,0.06674648284912088,0.06674648284912088
PAN,Panama,1997,3.2,3.586668701171875,100,0.386668701171875,0.386668701171875
PAN,Panama,1998,3.5,3.5146013259887696,100,0.01460132598876962,0.01460132598876962
PAN,Panama,1999,3.5,3.7737906265258787,100,0.2737906265258787,0.2737906265258787
PAN,Panama,2000,3.4,3.4233195114135744,100,0.023319511413574467,0.023319511413574467
PAN,Panama,2001,3.1,3.111046676635742,100,0.011046676635741992,0.011046676635741992
PAN,Panama,2002,3.0,2.938642768859863,100,-0.061357231140136914,0.061357231140136914
PAN,Panama,2003,3.0,2.8574563598632814,100,-0.1425436401367186,0.1425436401367186
PAN,Panama,2004,3.0,2.9874718093872072,100,-0.012528190612792756,0.012528190612792756
PAN,Panama,2005,2.9,3.058377799987793,100,0.1583777999877931,0.1583777999877931
PAN,Panama,2006,3.0,3.2789406204223632,100,0.27894062042236323,0.27894062042236323
PAN,Panama,2007,3.3,3.340164375305176,100,0.040164375305176137,0.040164375305176137
PAN,Panama,2008,3.6,3.8045607376098634,100,0.20456073760986326,0.20456073760986326
PAN,Panama,2009,4.0,4.08807373046875,100,0.08807373046875,0.08807373046875
PAN,Panama,2010,4.4,4.373486480712891,100,-0.026513519287109766,0.026513519287109766
PAN,Panama,2011,4.7,4.779592056274414,100,0.07959205627441346,0.07959205627441346
PAN,Panama,2012,5.2,5.22241584777832,100,0.022415847778320064,0.022415847778320064
PAN,Panama,2013,5.4,5.535740776062012,100,0.1357407760620113,0.1357407760620113
PAN,Panama,2014,5.7,5.592622718811035,100,-0.10737728118896506,0.10737728118896506
PAN,Panama,2015,6.0,5.910313262939453,100,-0.0896867370605472,0.0896867370605472
PAN,Panama,2016,6.1,5.870916824340821,100,-0.2290831756591789,0.2290831756591789
PAN,Panama,2017,6.2,5.916977577209472,100,-0.2830224227905278,0.2830224227905278
PAN,Panama,2018,6.1,5.996066284179688,100,-0.10393371582031197,0.10393371582031197
PAN,Panama,2019,5.9,5.819484481811523,100,-0.08051551818847713,0.08051551818847713
PAN,Panama,2020,5.6,5.295425491333008,100,-0.30457450866699176,0.30457450866699176
PAN,Panama,2021,5.2,5.014822387695313,100,-0.18517761230468732,0.18517761230468732
PAN,Panama,2022,5.1,4.966527252197266,100,-0.13347274780273377,0.13347274780273377
PAN,Panama,2023,5.1,5.0678244400024415,100,-0.03217555999755817,0.03217555999755817
PAN,Panama,2024,5.1,5.219522094726562,100,0.1195220947265625,0.1195220947265625
PER,Peru,1990,4.6,5.39822208404541,100,0.7982220840454106,0.7982220840454106
PER,Peru,1991,4.7,5.538040313720703,100,0.8380403137207031,0.8380403137207031
PER,Peru,1992,4.7,5.708841972351074,100,1.0088419723510738,1.0088419723510738
PER,Peru,1993,4.7,5.780565032958984,100,1.080565032958984,1.080565032958984
PER,Peru,1994,4.9,5.802287521362305,100,0.9022875213623047,0.9022875213623047
PER,Peru,1995,4.9,5.7701171875,100,0.8701171875,0.8701171875
PER,Peru,1996,5.1,5.5681773376464845,100,0.46817733764648484,0.46817733764648484
PER,Peru,1997,5.1,5.662184982299805,100,0.5621849822998053,0.5621849822998053
PER,Peru,1998,5.1,5.254594612121582,100,0.1545946121215822,0.1545946121215822
PER,Peru,1999,5.3,5.346572036743164,100,0.04657203674316435,0.04657203674316435
PER,Peru,2000,6.0,6.033908920288086,100,0.03390892028808601,0.03390892028808601
PER,Peru,2001,5.7,5.9351206970214845,100,0.2351206970214843,0.2351206970214843
PER,Peru,2002,5.1,5.153308753967285,100,0.053308753967285405,0.053308753967285405
PER,Peru,2003,4.7,4.523656578063965,100,-0.17634342193603558,0.17634342193603558
PER,Peru,2004,4.0,3.897246894836426,100,-0.10275310516357417,0.10275310516357417
PER,Peru,2005,3.7,3.513402214050293,100,-0.186597785949707,0.186597785949707
PER,Peru,2006,3.5,3.347809295654297,100,-0.15219070434570314,0.15219070434570314
PER,Peru,2007,3.2,3.2400592041015623,100,0.04005920410156216,0.04005920410156216
PER,Peru,2008,3.3,3.178172378540039,100,-0.12182762145996096,0.12182762145996096
PER,Peru,2009,3.2,3.1167374801635743,100,-0.08326251983642585,0.08326251983642585
PER,Peru,2010,3.2,3.154736404418945,100,-0.04526359558105497,0.04526359558105497
PER,Peru,2011,3.3,3.1036272048950195,100,-0.1963727951049803,0.1963727951049803
PER,Peru,2012,3.3,3.212786865234375,100,-0.08721313476562464,0.08721313476562464
PER,Peru,2013,3.6,3.453669548034668,100,-0.14633045196533212,0.14633045196533212
PER,Peru,2014,3.8,3.8665164947509765,100,0.06651649475097665,0.06651649475097665
PER,Peru,2015,4.1,4.021036605834961,100,-0.07896339416503828,0.07896339416503828
PER,Peru,2016,4.2,4.05713809967041,100,-0.14286190032959034,0.14286190032959034
PER,Peru,2017,4.1,3.9634628677368164,100,-0.1365371322631832,0.1365371322631832
PER,Peru,2018,4.1,3.984187431335449,100,-0.11581256866455059,0.11581256866455059
PER,Peru,2019,4.1,3.9417153930664064,100,-0.15828460693359325,0.15828460693359325
PER,Peru,2020,4.0,3.8558569717407227,100,-0.14414302825927727,0.14414302825927727
PER,Peru,2021,4.7,4.7277796173095705,100,0.027779617309570348,0.027779617309570348
PER,Peru,2022,4.0,4.0135845184326175,100,0.013584518432617543,0.013584518432617543
PER,Peru,2023,3.7,3.6125288009643555,100,-0.08747119903564471,0.08747119903564471
PER,Peru,2024,3.6,3.6535590362548827,100,0.053559036254882564,0.053559036254882564
PRY,Paraguay,1990,9.9,9.90683479309082,100,0.006834793090819247,0.006834793090819247
PRY,Paraguay,1991,8.4,8.31347900390625,100,-0.08652099609374986,0.08652099609374986
PRY,Paraguay,1992,6.8,6.879132537841797,100,0.0791325378417973,0.0791325378417973
PRY,Paraguay,1993,5.4,5.252865295410157,100,-0.14713470458984368,0.14713470458984368
PRY,Paraguay,1994,3.9,3.7173479843139647,100,-0.18265201568603517,0.18265201568603517
PRY,Paraguay,1995,2.4,2.306462173461914,100,-0.09353782653808596,0.09353782653808596
PRY,Paraguay,1996,1.9,1.501052360534668,100,-0.39894763946533196,0.39894763946533196
PRY,Paraguay,1997,1.6,1.009310188293457,100,-0.5906898117065431,0.5906898117065431
PRY,Paraguay,1998,1.3,0.6798637390136719,100,-0.6201362609863281,0.6201362609863281
PRY,Paraguay,1999,1.0,0.6386017608642578,100,-0.3613982391357422,0.3613982391357422
PRY,Paraguay,2000,1.0,0.6701873016357421,100,-0.32981269836425786,0.32981269836425786
PRY,Paraguay,2001,1.1,0.9863512802124024,100,-0.11364871978759772,0.11364871978759772
PRY,Paraguay,2002,0.9,0.7230892181396484,100,-0.17691078186035158,0.17691078186035158
PRY,Paraguay,2003,0.7,0.5238874053955078,100,-0.17611259460449213,0.17611259460449213
PRY,Paraguay,2004,0.7,0.49651012420654295,100,-0.203489875793457,0.203489875793457
PRY,Paraguay,2005,0.7,0.520306396484375,100,-0.1796936035156249,0.1796936035156249
PRY,Paraguay,2006,0.7,0.4098950958251953,100,-0.29010490417480467,0.29010490417480467
PRY,Paraguay,2007,0.7,0.41543453216552734,100,-0.2845654678344726,0.2845654678344726
PRY,Paraguay,2008,0.7,0.43469966888427736,100,-0.2653003311157226,0.2653003311157226
PRY,Paraguay,2009,0.8,0.7159819412231445,100,-0.08401805877685553,0.08401805877685553
PRY,Paraguay,2010,0.9,0.7000575637817383,100,-0.1999424362182617,0.1999424362182617
PRY,Paraguay,2011,1.0,0.9661204147338868,100,-0.03387958526611323,0.03387958526611323
PRY,Paraguay,2012,1.1,0.897733268737793,100,-0.20226673126220707,0.20226673126220707
PRY,Paraguay,2013,1.1,1.0810255813598633,100,-0.018974418640136825,0.018974418640136825
PRY,Paraguay,2014,1.1,1.152060203552246,100,0.05206020355224594,0.05206020355224594
PRY,Paraguay,2015,1.2,1.195151824951172,100,-0.004848175048828063,0.004848175048828063
PRY,Paraguay,2016,1.2,1.1811503219604491,100,-0.018849678039550843,0.018849678039550843
PRY,Paraguay,2017,1.3,1.2925888442993163,100,-0.007411155700683736,0.007411155700683736
PRY,Paraguay,2018,1.4,1.3294735717773438,100,-0.07052642822265609,0.07052642822265609
PRY,Paraguay,2019,1.4,1.596809196472168,100,0.1968091964721681,0.1968091964721681
PRY,Paraguay,2020,1.4,1.4785871887207032,100,0.07858718872070325,0.07858718872070325
PRY,Paraguay,2021,1.5,1.673647575378418,100,0.1736475753784179,0.1736475753784179
PRY,Paraguay,2022,1.7,1.7691452407836914,100,0.06914524078369144,0.06914524078369144
PRY,Paraguay,2023,1.8,1.73217529296875,100,-0.0678247070312501,0.0678247070312501
PRY,Paraguay,2024,1.9,1.9703853225708008,100,0.07038532257080088,0.07038532257080088
SLV,El Salvador,1990,-1.6,-2.325134620666504,100,-0.7251346206665037,0.7251346206665037
SLV,El Salvador,1991,-1.7,-2.421664237976074,100,-0.7216642379760743,0.7216642379760743
SLV,El Salvador,1992,-1.6,-2.4122596740722657,100,-0.8122596740722656,0.8122596740722656
SLV,El Salvador,1993,-1.7,-2.438512954711914,100,-0.7385129547119142,0.7385129547119142
SLV,El Salvador,1994,-1.6,-2.377309112548828,100,-0.7773091125488278,0.7773091125488278
SLV,El Salvador,1995,-1.6,-2.3961833572387694,100,-0.7961833572387693,0.7961833572387693
SLV,El Salvador,1996,-1.6,-2.3144040298461914,100,-0.7144040298461913,0.7144040298461913
SLV,El Salvador,1997,-1.7,-2.1248999786376954,100,-0.42489997863769546,0.42489997863769546
SLV,El Salvador,1998,-1.6,-2.369509162902832,100,-0.7695091629028319,0.7695091629028319
SLV,El Salvador,1999,-1.7,-2.317991828918457,100,-0.6179918289184572,0.6179918289184572
SLV,El Salvador,2000,-1.7,-2.3332315826416017,100,-0.6332315826416017,0.6332315826416017
SLV,El Salvador,2001,-1.6,-2.1138501358032227,100,-0.5138501358032226,0.5138501358032226
SLV,El Salvador,2002,-1.6,-2.225586929321289,100,-0.625586929321289,0.625586929321289
SLV,El Salvador,2003,-1.4,-2.17169620513916,100,-0.7716962051391603,0.7716962051391603
SLV,El Salvador,2004,-1.2,-1.7932305526733399,100,-0.5932305526733399,0.5932305526733399
SLV,El Salvador,2005,-1.1,-1.6297530364990234,100,-0.5297530364990233,0.5297530364990233
SLV,El Salvador,2006,-0.9,-1.2607266235351562,100,-0.36072662353515617,0.36072662353515617
SLV,El Salvador,2007,-0.9,-1.2028004455566406,100,-0.30280044555664054,0.30280044555664054
SLV,El Salvador,2008,-1.1,-1.2262530899047852,100,-0.12625308990478512,0.12625308990478512
SLV,El Salvador,2009,-0.9,-1.3215021896362305,100,-0.42150218963623043,0.42150218963623043
SLV,El Salvador,2010,-0.7,-1.096054573059082,100,-0.3960545730590821,0.3960545730590821
SLV,El Salvador,2011,-0.6,-1.0336059951782226,100,-0.4336059951782226,0.4336059951782226
SLV,El Salvador,2012,-0.6,-1.2538857650756836,100,-0.6538857650756836,0.6538857650756836
SLV,El Salvador,2013,-0.8,-1.5996324920654297,100,-0.7996324920654296,0.7996324920654296
SLV,El Salvador,2014,-0.7,-1.2429716873168946,100,-0.5429716873168946,0.5429716873168946
SLV,El Salvador,2015,-0.5,-1.0366499328613281,100,-0.5366499328613281,0.5366499328613281
SLV,El Salvador,2016,-0.5,-0.8542275619506836,100,-0.3542275619506836,0.3542275619506836
SLV,El Salvador,2017,-0.3,-0.5148540496826172,100,-0.21485404968261718,0.21485404968261718
SLV,El Salvador,2018,-0.3,-0.4736605644226074,100,-0.1736605644226074,0.1736605644226074
SLV,El Salvador,2019,-0.5,-0.36674964904785157,100,0.13325035095214843,0.13325035095214843
SLV,El Salvador,2020,-0.5,-0.5605046653747559,100,-0.06050466537475585,0.06050466537475585
SLV,El Salvador,2021,-0.6,-0.6228692436218262,100,-0.022869243621826185,0.022869243621826185
SLV,El Salvador,2022,-0.6,-0.7522151947021485,100,-0.1522151947021485,0.1522151947021485
SLV,El Salvador,2023,-0.7,-0.8768670272827148,100,-0.17686702728271486,0.17686702728271486
URY,Uruguay,1990,8.8,8.750409889221192,100,-0.049590110778808594,0.049590110778808594
URY,Uruguay,1991,9.0,9.168775863647461,100,0.16877586364746122,0.16877586364746122
URY,Uruguay,1992,9.2,9.42213924407959,100,0.22213924407959063,0.22213924407959063
URY,Uruguay,1993,9.3,9.143708801269531,100,-0.15629119873046982,0.15629119873046982
URY,Uruguay,1994,9.4,9.327860107421875,100,-0.07213989257812514,0.07213989257812514
URY,Uruguay,1995,9.4,9.556869926452636,100,0.15686992645263587,0.15686992645263587
URY,Uruguay,1996,9.6,9.731678199768066,100,0.13167819976806605,0.13167819976806605
URY,Uruguay,1997,9.4,9.498573112487794,100,0.09857311248779332,0.09857311248779332
URY,Uruguay,1998,9.1,9.387515869140625,100,0.2875158691406252,0.2875158691406252
URY,Uruguay,1999,9.2,9.312344856262207,100,0.11234485626220803,0.11234485626220803
URY,Uruguay,2000,9.4,9.511388397216797,100,0.11138839721679616,0.11138839721679616
URY,Uruguay,2001,8.7,9.05051773071289,100,0.35051773071289105,0.35051773071289105
URY,Uruguay,2002,8.6,8.9833491897583,100,0.38334918975830057,0.38334918975830057
URY,Uruguay,2003,9.1,9.50805347442627,100,0.4080534744262696,0.4080534744262696
URY,Uruguay,2004,9.2,9.307181663513184,100,0.10718166351318459,0.10718166351318459
URY,Uruguay,2005,9.7,9.783900108337402,100,0.08390010833740291,0.08390010833740291
URY,Uruguay,2006,10.3,10.205522346496583,100,-0.09447765350341797,0.09447765350341797
URY,Uruguay,2007,10.1,10.034002532958985,100,-0.06599746704101506,0.06599746704101506
URY,Uruguay,2008,9.6,9.583962478637694,100,-0.016037521362305185,0.016037521362305185
URY,Uruguay,2009,9.8,9.788370513916016,100,-0.01162948608398473,0.01162948608398473
URY,Uruguay,2010,9.9,10.058866500854492,100,0.15886650085449183,0.15886650085449183
URY,Uruguay,2011,9.8,9.719845542907715,100,-0.08015445709228608,0.08015445709228608
URY,Uruguay,2012,9.8,9.68363166809082,100,-0.11636833190918061,0.11636833190918061
URY,Uruguay,2013,9.5,9.52798713684082,100,0.02798713684082088,0.02798713684082088
URY,Uruguay,2014,9.7,9.572751274108887,100,-0.12724872589111236,0.12724872589111236
URY,Uruguay,2015,9.8,9.771307220458985,100,-0.028692779541016122,0.028692779541016122
URY,Uruguay,2016,9.9,9.90993350982666,100,0.009933509826659304,0.009933509826659304
URY,Uruguay,2017,10.1,10.137657127380372,100,0.0376571273803723,0.0376571273803723
URY,Uruguay,2018,10.2,10.191839599609375,100,-0.008160400390623934,0.008160400390623934
URY,Uruguay,2019,10.4,10.388521690368652,100,-0.011478309631348438,0.011478309631348438
URY,Uruguay,2020,10.0,9.922405166625976,100,-0.07759483337402351,0.07759483337402351
URY,Uruguay,2021,10.1,10.179816131591798,100,0.07981613159179801,0.07981613159179801
URY,Uruguay,2022,10.8,10.744476623535157,100,-0.055523376464844176,0.055523376464844176
URY,Uruguay,2023,11.2,11.292133293151856,100,0.09213329315185703,0.09213329315185703
URY,Uruguay,2024,11.2,11.218288116455078,100,0.01828811645507855,0.01828811645507855
VEN,Venezuela,1990,1.4,1.5153226852416992,100,0.11532268524169931,0.11532268524169931
VEN,Venezuela,1991,1.4,1.3307400512695313,100,-0.06925994873046859,0.06925994873046859
VEN,Venezuela,1992,1.5,1.3515820693969727,100,-0.14841793060302733,0.14841793060302733
VEN,Venezuela,1993,1.2,1.2769864654541017,100,0.0769864654541017,0.0769864654541017
VEN,Venezuela,1994,1.0,1.083286666870117,100,0.0832866668701171,0.0832866668701171
VEN,Venezuela,1995,0.9,0.7688950729370118,100,-0.13110492706298826,0.13110492706298826
VEN,Venezuela,1996,0.7,0.7578048324584961,100,0.0578048324584961,0.0578048324584961
VEN,Venezuela,1997,0.7,0.7783907318115234,100,0.07839073181152345,0.07839073181152345
VEN,Venezuela,1998,0.7,0.7886840438842774,100,0.08868404388427742,0.08868404388427742
VEN,Venezuela,1999,0.6,0.7886518478393555,100,0.1886518478393555,0.1886518478393555
VEN,Venezuela,2000,0.7,0.8595395660400391,100,0.15953956604003916,0.15953956604003916
VEN,Venezuela,2001,0.7,0.886725082397461,100,0.186725082397461,0.186725082397461
VEN,Venezuela,2002,0.6,0.7859395217895507,100,0.18593952178955075,0.18593952178955075
VEN,Venezuela,2003,0.6,0.8983389282226563,100,0.2983389282226563,0.2983389282226563
VEN,Venezuela,2004,0.6,0.8191902160644531,100,0.2191902160644531,0.2191902160644531
VEN,Venezuela,2005,0.5,0.9864884185791015,100,0.4864884185791015,0.4864884185791015
VEN,Venezuela,2006,0.8,1.2430741882324219,100,0.44307418823242184,0.44307418823242184
VEN,Venezuela,2007,1.0,1.57643310546875,100,0.5764331054687499,0.5764331054687499
VEN,Venezuela,2008,1.1,1.789833526611328,100,0.689833526611328,0.689833526611328
VEN,Venezuela,2009,1.2,1.7666719436645508,100,0.5666719436645509,0.5666719436645509
VEN,Venezuela,2010,1.3,1.8889709091186524,100,0.5889709091186524,0.5889709091186524
VEN,Venezuela,2011,1.2,2.001693687438965,100,0.8016936874389649,0.8016936874389649
VEN,Venezuela,2012,1.1,1.8710340499877929,100,0.7710340499877928,0.7710340499877928
VEN,Venezuela,2013,1.1,1.7321069717407227,100,0.6321069717407226,0.6321069717407226
VEN,Venezuela,2014,1.1,1.6683533477783203,100,0.5683533477783203,0.5683533477783203
VEN,Venezuela,2015,1.1,1.8243467330932617,100,0.7243467330932616,0.7243467330932616
VEN,Venezuela,2016,1.1,1.7948603820800781,100,0.694860382080078,0.694860382080078
VEN,Venezuela,2017,1.1,1.7147589492797852,100,0.6147589492797851,0.6147589492797851
VEN,Venezuela,2018,1.0,1.6476071548461915,100,0.6476071548461915,0.6476071548461915
VEN,Venezuela,2019,1.1,1.7918689918518067,100,0.6918689918518066,0.6918689918518066
VEN,Venezuela,2020,1.1,1.7869108200073243,100,0.6869108200073242,0.6869108200073242
VEN,Venezuela,2021,1.0,1.9847338485717774,100,0.9847338485717774,0.9847338485717774
